complex_id,p1_psi,p2_phi,p2_psi,p3_phi,p3_psi,p4_phi,p4_psi,p5_phi,p5_psi,p6_phi,p6_psi,p7_phi,p7_psi,p8_phi,p8_psi,p9_phi,p9_psi,p10_phi
7m8s_1,132,158,294,119,285,72,276,135,213,101,278,151,300,141,272,161,291,289
7m8s_2,125,150,294,115,291,73,281,142,211,104,277,146,293,139,273,158,294,293
6uj7_1,140,166,287,131,298,346,277,123,270,127,301,146,293,152,292,141,285,295
6uj7_2,144,165,285,127,300,342,286,127,273,130,298,151,289,153,285,144,284,298
7jyu_1,103,146,303,148,289,155,286,139,310,106,251,35,267,119,234,179,267,299
7jyu_2,117,146,279,145,291,143,301,136,309,318,276,51,46,133,217,186,262,288
6vq2_1,121,157,278,148,263,148,211,127,294,,259,154,,116,283,145,237,291
6vqe_1,131,158,286,145,267,133,213,145,297,,258,137,,22,247,146,298,283
6tmo_1,108,160,290,136,296,1,239,166,219,11,74,95,249,165,241,153,285,283
6wzy_1,115,169,285,158,287,110,248,352,288,192,84,340,276,117,263,178,277,297
6trn_1,146,169,289,128,310,11,248,194,260,138,282,151,266,137,224,155,265,290
6v2p_1,146,159,284,129,284,111,258,80,230,140,285,47,63,113,233,158,242,296
6v2o_1,146,158,283,129,287,106,258,79,229,147,285,33,65,118,239,163,238,296
1hhh_1,121,148,280,173,285,183,265,78,268,346,270,114,292,164,297,176,289,284
6o51_1,109,154,293,131,310,311,269,138,308,128,310,137,288,129,278,154,293,298
6pyl_1,121,152,287,131,275,121,253,150,219,149,241,25,76,16,268,143,297,284
6j2e_1,146,145,314,149,289,142,268,191,265,93,219,254,58,125,233,62,229,201
6j2e_2,107,142,309,143,288,154,302,61,212,125,305,225,49,162,232,75,192,209
6iex_1,124,159,286,137,284,8,281,65,281,3,274,50,244,102,271,124,254,267
6g3k_1,107,155,290,120,269,354,287,163,224,216,79,60,50,166,253,148,283,293
6g3k_2,112,166,291,121,257,342,285,167,233,206,73,64,54,159,257,146,287,286
6g3j_1,162,174,289,125,257,336,289,152,244,29,71,84,244,154,251,143,291,295
6g3j_2,121,172,279,127,264,347,280,169,230,195,79,58,72,153,257,167,298,258
6d29_1,136,165,292,114,279,157,254,20,58,86,247,125,282,87,224,141,293,289
6d2b_1,125,163,293,122,275,347,259,,271,137,,5,259,120,292,161,253,291
6amt_1,169,174,283,133,280,329,273,197,264,167,212,357,271,211,99,159,242,293
6amt_2,168,177,281,137,283,306,279,164,273,169,265,352,269,206,106,147,248,292
5wmp_1,137,164,290,150,268,133,253,179,261,333,297,10,79,350,281,167,70,286
5vz5_1,139,159,288,119,265,330,298,349,291,12,264,349,273,147,306,140,291,293
6at9_1,133,185,264,150,269,60,277,109,330,317,207,71,258,30,205,141,265,274
5wjn_1,145,169,286,124,275,259,276,150,282,290,294,69,61,145,253,145,289,280
5wjn_2,140,168,287,125,276,258,277,150,282,291,294,69,61,144,254,146,289,282
5wjn_3,149,167,288,127,275,274,275,152,266,289,294,69,61,144,254,144,289,282
5wjl_1,130,165,294,137,273,,270,150,,271,322,54,62,135,276,132,293,293
5wjl_2,151,174,276,141,270,233,256,144,294,267,323,78,59,127,251,152,289,281
5wjl_3,145,172,281,157,269,349,221,144,206,285,306,44,78,133,273,145,297,280
5grd_1,135,172,274,132,271,339,270,353,247,,292,121,,142,223,141,304,276
5v5l_1,152,317,290,165,280,114,283,323,294,140,302,114,223,141,216,175,275,286
5v5l_2,154,318,286,168,283,112,282,324,293,141,300,122,224,139,211,177,276,287
5v5m_1,151,325,289,163,275,116,285,321,291,139,296,124,247,127,234,141,272,294
5v5m_2,155,330,283,161,270,128,298,332,263,140,291,120,257,123,246,138,267,290
5gsx_1,118,149,299,148,302,151,287,130,326,145,301,325,247,156,250,166,261,290
5gsx_2,119,149,300,149,303,151,286,130,326,145,300,326,246,156,252,168,260,293
5jwe_1,108,174,284,153,274,113,233,3,271,226,51,4,263,95,269,153,273,307
5jwe_2,110,173,285,154,273,110,232,2,272,225,53,4,262,96,270,154,274,306
5jwe_4,115,173,290,148,267,113,232,4,274,222,55,6,262,99,270,155,274,305
5gsv_1,122,149,297,152,295,158,297,134,306,148,300,346,241,134,229,167,290,289
5t6w_1,132,312,262,165,298,126,273,26,289,153,251,130,184,138,239,142,295,280
5t6x_1,153,312,283,162,296,146,274,4,261,94,279,106,235,138,252,145,305,295
5n1y_1,131,159,286,137,290,176,220,334,275,107,194,134,296,140,294,154,292,286
5fdw_1,105,152,291,118,299,341,288,129,287,114,316,148,293,141,284,136,264,297
5hgh_1,117,138,304,160,295,115,274,11,246,314,305,12,273,27,274,128,289,291
5hgd_1,136,140,296,164,296,111,267,9,243,324,310,357,275,47,275,128,270,291
5hgd_2,128,141,299,165,293,109,267,10,245,319,310,359,277,46,274,126,272,294
5c0i_1,113,158,289,143,299,171,211,339,278,158,193,145,272,156,291,151,284,292
5c0g_1,112,153,294,166,293,200,148,344,286,141,258,113,214,158,292,152,285,311
5c0d_1,151,154,286,127,297,181,226,332,282,125,191,145,300,142,295,142,295,290
5c0e_1,113,154,289,144,299,171,200,338,280,158,198,143,274,146,291,153,293,287
5c0j_1,119,160,287,152,290,186,134,0,269,91,279,114,261,132,280,153,294,284
4z78_1,107,138,300,133,230,131,270,94,285,347,259,44,186,222,268,193,252,314
4z78_2,113,133,300,149,228,151,235,160,279,281,274,338,214,201,296,261,52,100
4z78_3,116,134,294,130,220,157,285,142,260,294,255,316,220,5,102,202,82,285
4u6x_1,144,154,294,145,294,75,254,,289,175,,149,304,139,240,146,236,307
3wl9_1,128,155,290,140,296,158,282,174,273,149,262,132,286,125,274,166,289,295
3wlb_1,130,155,289,135,296,171,279,177,278,149,276,144,280,130,248,163,292,298
3vxp_1,81,138,298,153,297,109,281,359,248,311,319,2,275,30,280,131,277,290
3vxp_2,114,140,298,165,298,105,268,0,250,325,301,355,282,23,276,127,290,292
3vxo_1,115,142,306,169,296,108,257,16,240,307,306,28,274,42,267,139,293,280
3vxo_2,119,139,316,162,297,118,264,12,235,306,311,28,275,44,266,129,285,288
3vxn_1,113,142,304,162,292,112,270,9,245,310,310,12,279,33,268,132,284,290
4jfq_1,144,158,294,141,292,340,254,156,234,353,90,101,266,154,241,147,289,286
4jfq_2,158,153,289,136,295,354,256,153,216,356,91,86,257,152,252,141,295,290
4jfp_1,149,159,288,140,285,356,251,160,219,6,81,102,248,153,229,149,295,285
4jfp_2,154,155,293,137,289,352,256,157,221,6,83,96,250,148,236,144,301,290
4jfo_1,151,156,293,145,287,347,253,146,215,343,107,81,275,152,258,150,299,290
4jfo_2,149,158,288,145,282,338,254,142,241,2,96,82,261,166,248,147,277,293
4g8i_1,110,155,287,296,280,157,190,154,73,117,253,33,54,105,297,151,242,278
4g9d_1,112,153,288,129,282,117,255,147,216,130,257,41,54,110,284,149,237,279
4f7m_1,129,148,279,132,296,159,302,149,303,134,226,176,246,75,89,205,291,293
4f7m_2,125,154,285,141,291,156,299,156,302,127,213,178,262,66,84,204,291,295
4gkn_1,101,158,296,142,282,354,253,153,239,3,97,113,241,148,200,147,311,280
4gkn_2,107,155,287,141,293,356,265,151,223,359,103,109,249,146,211,148,316,269
4gks_1,108,141,294,141,292,353,263,161,223,356,95,100,250,167,227,146,297,297
4gks_2,115,154,286,131,283,359,274,155,219,1,89,98,254,168,225,146,293,293
3rwi_1,177,334,272,130,298,122,302,321,282,132,290,123,254,100,260,135,274,288
3rl2_1,130,164,283,157,302,323,293,161,223,169,276,147,297,155,302,142,310,285
3utq_1,143,159,289,140,289,176,216,338,274,109,198,131,305,141,299,149,284,283
3nfn_1,117,138,304,160,295,115,274,11,246,314,305,12,273,27,274,128,289,291
3mro_1,151,152,290,131,297,348,268,140,214,9,99,93,256,160,251,150,289,279
3mrn_1,127,158,290,142,290,85,277,126,277,117,220,48,56,27,254,149,302,283
3mrm_1,132,160,285,135,289,309,269,131,240,357,127,103,267,149,239,140,302,289
3mrr_1,131,153,294,127,290,330,277,160,231,355,96,83,260,151,240,146,301,290
3mrq_1,138,153,290,149,293,279,250,154,285,343,101,90,258,156,247,156,290,279
3mrp_1,136,155,291,148,290,284,258,156,282,355,94,95,259,158,240,151,289,286
3oxs_1,111,152,294,147,293,175,287,60,273,0,266,125,275,153,305,152,295,291
3oxr_1,122,154,285,154,291,186,285,56,277,356,255,117,291,163,278,161,287,287
3ox8_1,113,149,296,150,297,180,297,60,273,350,254,132,299,155,285,160,285,290
3ox8_2,119,149,288,148,299,184,293,65,268,351,252,129,298,152,286,162,286,289
3i6k_1,144,167,293,142,303,317,275,165,290,139,283,127,270,140,302,157,283,283
3i6k_2,155,168,284,136,297,326,273,158,283,125,291,139,284,138,289,151,278,290
3mgt_1,134,148,300,143,295,100,258,149,258,316,305,194,254,135,235,147,250,303
3mgt_2,130,149,304,143,288,100,270,143,271,308,311,170,269,132,231,150,257,305
3mgt_3,131,149,303,143,293,103,259,146,249,316,311,200,258,132,234,145,259,303
3mgt_4,133,148,305,138,290,91,270,145,262,307,318,184,264,133,228,150,261,307
3mgo_1,113,153,299,127,300,346,262,138,278,107,306,121,302,154,293,149,279,295
3mgo_2,129,153,298,119,299,318,282,141,299,117,305,140,294,148,270,149,288,292
3mgo_3,156,156,296,119,298,322,282,138,298,100,303,143,305,156,271,147,279,292
3mgo_4,116,152,297,124,302,353,265,138,269,100,305,127,307,151,289,151,283,294
3giv_1,135,154,291,138,299,343,269,65,224,120,283,148,262,160,287,313,295,287
3giv_2,134,155,288,136,302,352,269,169,247,102,184,147,283,155,286,315,299,284
3dx6_1,142,159,280,117,286,24,266,113,291,296,277,31,275,117,276,146,237,296
3dx8_1,139,164,280,126,269,86,264,125,275,125,275,26,57,118,274,156,211,298
3dx7_1,136,160,281,147,266,116,235,105,260,140,294,4,69,115,277,152,226,300
2gt9_1,141,174,283,129,287,353,257,162,223,4,85,96,251,156,240,144,298,285
2gt9_2,153,174,280,133,281,357,254,158,218,5,83,102,253,154,231,145,298,285
2hn7_1,144,168,278,148,296,144,303,105,292,113,207,113,279,89,245,139,302,288
2axf_1,140,171,278,136,299,148,299,159,245,143,283,166,270,139,276,158,290,286
2axg_1,129,161,287,113,302,300,289,140,315,127,310,148,283,137,270,153,297,289
2bss_1,128,162,289,157,251,129,196,104,237,132,309,11,74,105,289,157,241,277
1qvo_1,128,162,279,148,306,339,294,148,206,165,292,154,293,143,304,147,305,278
1qvo_2,134,164,279,149,298,348,296,146,198,169,288,157,284,163,297,152,300,274
1jgd_1,155,157,284,131,286,113,249,175,204,173,292,135,264,119,242,152,302,279
1jf1_1,150,155,292,138,294,356,251,164,219,0,81,101,254,154,227,148,294,285
1i4f_1,140,161,290,131,312,12,243,191,261,140,293,142,275,134,229,154,264,291
1ddh_1,146,164,291,172,272,128,219,101,299,40,290,48,49,78,229,192,302,291
1bii_1,131,170,279,152,275,139,249,339,290,17,59,31,63,101,258,180,271,277
2clr_1,136,151,298,148,291,356,243,113,288,125,298,124,217,141,234,320,296,232
2clr_2,129,159,293,151,284,337,256,116,298,130,277,145,235,134,223,340,291,208
