complex_id,p1_psi,p2_phi,p2_psi,p3_phi,p3_psi,p4_phi,p4_psi,p5_phi,p5_psi,p6_phi,p6_psi,p7_phi,p7_psi,p8_phi
6jq3_1,121,152,275,148,285,132,289,154,265,175,255,148,280,280
1t0n_1,121,162,278,159,265,122,272,150,280,163,269,146,280,279
1t0n_2,132,160,279,161,270,123,271,151,281,163,268,145,282,276
7ji2_1,118,148,292,154,288,122,282,151,285,146,253,146,297,280
7ji2_2,117,150,291,155,287,116,277,151,286,153,258,147,294,281
6k7t_1,150,149,302,180,283,155,292,137,246,136,244,121,284,295
6ilg_1,153,151,301,184,281,149,285,126,252,147,251,128,269,284
6ile_1,107,153,294,178,269,122,292,110,274,136,270,121,272,284
6ilc_1,148,151,305,176,279,158,290,130,240,138,250,118,283,298
5j6h_1,162,196,270,160,230,134,281,137,278,126,269,135,307,283
5hgb_1,110,139,310,157,284,155,279,159,224,153,225,152,290,269
5hgb_2,81,140,308,162,280,139,274,162,239,147,222,146,299,275
5hgb_3,85,139,302,164,281,139,274,146,235,167,242,141,279,280
5hgb_4,95,140,307,159,281,146,278,142,229,171,247,147,273,282
5hga_1,112,141,298,164,281,157,266,153,215,151,236,149,291,281
5hga_2,110,141,300,166,282,157,265,151,215,150,234,147,289,283
4wu7_1,115,146,286,152,283,152,284,169,212,158,220,139,280,288
4wu7_2,122,142,286,161,289,155,259,160,217,137,235,148,310,278
4wu5_1,99,134,300,167,293,146,272,161,235,155,226,144,289,279
4wu5_2,115,134,303,170,287,153,268,154,228,156,233,141,289,282
4xxc_1,154,175,286,139,250,110,279,165,274,149,257,144,304,278
4o2f_1,149,133,279,49,264,125,242,108,239,111,212,147,293,291
4o2f_2,151,133,280,33,269,126,241,127,225,115,208,147,298,290
4hs3_1,135,156,277,149,282,99,267,147,291,154,270,151,290,272
4jqv_1,164,173,281,135,255,110,280,164,276,150,257,141,297,280
3w39_1,145,196,291,142,197,133,267,160,225,171,280,207,275,215
3w39_2,182,187,264,114,227,128,304,130,281,154,278,118,290,342
4f7t_1,119,150,293,221,259,162,198,173,226,163,238,143,291,297
4f7t_2,120,150,295,217,259,164,204,163,225,164,246,144,287,295
3tie_1,131,158,290,155,281,120,274,142,279,157,269,141,290,289
3tie_2,132,157,289,156,283,116,272,144,282,158,267,143,290,286
3tid_1,128,153,283,154,283,103,268,149,290,147,271,133,303,270
3spv_1,123,162,288,137,248,126,296,155,269,149,253,128,293,284
3roo_1,133,150,285,150,288,103,273,150,284,157,270,154,285,264
3roo_2,125,150,285,151,288,104,272,146,285,154,271,152,286,267
3rwj_1,125,134,300,335,262,134,281,118,257,102,263,130,272,297
3rwh_1,138,164,279,136,255,101,293,158,292,145,228,159,298,283
3rwh_2,134,158,285,134,264,108,291,166,290,136,218,158,305,292
3pab_1,128,156,281,160,280,119,278,158,282,152,246,146,300,256
3pab_2,114,150,288,162,290,125,279,152,273,151,247,142,305,279
3p9m_1,126,148,288,157,288,121,277,151,280,154,254,148,294,274
3p9m_2,128,151,283,160,294,126,271,151,276,148,251,147,297,276
3p9l_1,119,152,292,162,289,118,273,148,280,148,257,143,300,264
3p9l_2,121,149,289,158,293,118,277,146,282,149,256,143,295,283
3p4n_1,139,169,245,152,240,116,288,149,285,271,302,106,150,291
3p4n_2,194,154,270,160,254,131,275,134,268,138,297,129,301,285
3p4m_1,107,167,287,159,246,100,269,138,301,283,310,125,138,277
3p4m_2,185,156,280,157,256,127,272,137,269,152,289,151,293,269
3p4o_1,106,158,286,175,269,127,249,133,262,158,293,148,287,279
3p4o_2,190,150,285,165,273,133,264,134,260,147,296,142,293,280
3ln4_1,138,161,287,136,285,,292,151,,89,237,160,293,290
3fon_1,145,157,273,179,238,151,290,128,255,136,292,143,301,278
3fon_2,148,158,269,182,231,153,287,126,252,134,295,142,303,278
3fol_1,141,159,262,184,239,147,286,138,250,146,296,145,284,278
3fqn_1,111,152,292,146,299,,282,318,,128,304,159,288,298
3bwa_1,132,162,280,192,265,180,266,183,229,148,199,139,290,288
2clv_1,120,138,292,135,290,105,276,144,290,177,281,152,262,275
2clv_2,134,139,288,138,288,108,273,144,289,172,278,148,268,279
2clz_1,149,175,278,152,272,105,273,144,291,172,277,151,265,282
2clz_2,156,167,273,149,284,109,275,132,278,195,275,155,250,278
1zvs_1,137,142,294,184,278,150,265,140,260,161,253,135,251,293
1zvs_2,126,127,291,179,286,180,273,155,218,175,236,149,249,279
1rk0_1,132,154,294,157,279,118,282,145,285,153,269,146,292,273
1rjy_1,146,167,276,156,254,120,277,145,285,165,274,146,267,287
1rjy_2,138,171,279,153,252,124,277,147,281,165,271,148,267,285
1rjz_1,140,172,287,164,254,121,270,141,277,180,280,146,252,290
1rjz_2,134,170,291,147,257,119,290,153,287,173,266,143,252,288
1t0m_1,125,153,289,162,284,118,272,142,284,162,274,146,284,273
1t0m_2,125,151,290,164,284,113,268,139,288,161,274,147,287,272
1s7q_1,315,150,282,152,288,103,269,152,283,152,270,154,287,265
1s7s_1,320,157,280,150,286,104,275,147,287,156,277,154,279,268
1s7t_1,331,157,278,151,279,110,273,148,280,157,274,149,281,270
1s7t_2,336,157,279,149,283,113,274,147,281,155,269,150,283,271
1n59_1,288,151,277,160,271,91,268,147,294,172,266,150,265,264
1n59_2,218,159,303,164,262,95,261,148,292,172,266,144,266,266
1kj3_1,132,153,283,162,282,122,270,143,274,183,254,141,277,282
1kj3_2,126,153,284,169,280,124,262,146,274,170,254,143,286,285
1e28_1,299,144,199,149,268,85,262,143,300,150,274,167,302,297
1duy_1,129,139,296,9,257,140,240,136,302,120,219,137,240,281
1duy_2,131,148,302,18,243,137,238,136,299,126,229,136,237,278
1osz_1,115,166,284,153,266,100,260,151,293,150,265,146,289,279
1a1n_1,158,168,286,154,292,140,294,157,291,158,202,143,257,272
1agb_1,137,179,272,149,226,122,290,165,274,148,240,135,288,284
1agc_1,131,162,288,144,252,125,285,156,267,147,245,128,295,284
1agd_1,142,168,286,143,243,130,286,158,258,146,241,132,295,280
1age_1,144,169,288,147,247,127,284,153,262,145,249,132,294,282
1agf_1,143,183,271,148,229,122,283,174,267,150,252,133,288,289
1vac_1,125,151,279,158,288,132,267,156,276,155,255,146,284,277
2vaa_1,121,171,288,155,259,102,260,147,293,144,268,148,287,282
