complex_id,c5_chi1,c5_chi2,c5_chi3,c5_chi4,c7_chi1,c7_chi2,c7_chi3,c7_chi4,c9_chi1,c9_chi2,c9_chi3,c9_chi4,c24_chi1,c24_chi2,c24_chi3,c24_chi4,c25_chi1,c25_chi2,c25_chi3,c25_chi4,c33_chi1,c33_chi2,c33_chi3,c33_chi4,c34_chi1,c34_chi2,c34_chi3,c34_chi4,c45_chi1,c45_chi2,c45_chi3,c45_chi4,c59_chi1,c59_chi2,c59_chi3,c59_chi4,c62_chi1,c62_chi2,c62_chi3,c62_chi4,c63_chi1,c63_chi2,c63_chi3,c63_chi4,c64_chi1,c64_chi2,c64_chi3,c64_chi4,c65_chi1,c65_chi2,c65_chi3,c65_chi4,c66_chi1,c66_chi2,c66_chi3,c66_chi4,c67_chi1,c67_chi2,c67_chi3,c67_chi4,c68_chi1,c68_chi2,c68_chi3,c68_chi4,c69_chi1,c69_chi2,c69_chi3,c69_chi4,c70_chi1,c70_chi2,c70_chi3,c70_chi4,c72_chi1,c72_chi2,c72_chi3,c72_chi4,c73_chi1,c73_chi2,c73_chi3,c73_chi4,c74_chi1,c74_chi2,c74_chi3,c74_chi4,c75_chi1,c75_chi2,c75_chi3,c75_chi4,c76_chi1,c76_chi2,c76_chi3,c76_chi4,c77_chi1,c77_chi2,c77_chi3,c77_chi4,c78_chi1,c78_chi2,c78_chi3,c78_chi4,c80_chi1,c80_chi2,c80_chi3,c80_chi4,c81_chi1,c81_chi2,c81_chi3,c81_chi4,c84_chi1,c84_chi2,c84_chi3,c84_chi4,c95_chi1,c95_chi2,c95_chi3,c95_chi4,c97_chi1,c97_chi2,c97_chi3,c97_chi4,c99_chi1,c99_chi2,c99_chi3,c99_chi4,c114_chi1,c114_chi2,c114_chi3,c114_chi4,c116_chi1,c116_chi2,c116_chi3,c116_chi4,c123_chi1,c123_chi2,c123_chi3,c123_chi4,c124_chi1,c124_chi2,c124_chi3,c124_chi4,c133_chi1,c133_chi2,c133_chi3,c133_chi4,c139_chi1,c139_chi2,c139_chi3,c139_chi4,c140_chi1,c140_chi2,c140_chi3,c140_chi4,c142_chi1,c142_chi2,c142_chi3,c142_chi4,c143_chi1,c143_chi2,c143_chi3,c143_chi4,c144_chi1,c144_chi2,c144_chi3,c144_chi4,c146_chi1,c146_chi2,c146_chi3,c146_chi4,c147_chi1,c147_chi2,c147_chi3,c147_chi4,c152_chi1,c152_chi2,c152_chi3,c152_chi4,c155_chi1,c155_chi2,c155_chi3,c155_chi4,c156_chi1,c156_chi2,c156_chi3,c156_chi4,c157_chi1,c157_chi2,c157_chi3,c157_chi4,c158_chi1,c158_chi2,c158_chi3,c158_chi4,c159_chi1,c159_chi2,c159_chi3,c159_chi4,c160_chi1,c160_chi2,c160_chi3,c160_chi4,c163_chi1,c163_chi2,c163_chi3,c163_chi4,c164_chi1,c164_chi2,c164_chi3,c164_chi4,c167_chi1,c167_chi2,c167_chi3,c167_chi4,c168_chi1,c168_chi2,c168_chi3,c168_chi4,c171_chi1,c171_chi2,c171_chi3,c171_chi4
6jq3_1,160,62,,,293,269,,,179,,,,296,183,357,,179,,,,77,295,,,290,,,,240,81,,,181,267,,,165,240,314,278,297,299,147,,309,,,,180,57,47,,184,150,49,61,,,,,304,266,202,184,,,,,282,338,,,200,298,121,,167,,,,278,96,,,326,176,180,184,178,,,,290,335,,,283,160,,,302,,,,254,50,,,284,351,,,292,177,,,175,,,,130,,,,251,297,107,,276,74,,,181,252,,,189,175,,,309,94,,,,,,,,,,,297,169,,,287,,,,186,176,161,181,159,198,317,183,281,1,,,176,72,186,,181,193,152,236,254,303,,,159,144,78,143,,,,,168,82,,,300,161,,,315,,,,199,,,,275,109,,,167,70,,,299,317,,
1t0n_1,169,64,,,290,84,,,189,,,,180,,,,189,,,,75,294,,,291,,,,251,118,,,170,84,,,168,160,42,68,294,304,306,,293,,,,189,73,307,,193,145,49,56,,,,,297,201,293,182,,,,,286,337,,,297,303,304,,222,,,,273,218,,,183,185,182,188,181,,,,296,329,,,282,167,,,294,,,,290,186,,,287,359,,,293,182,,,183,,,,175,,,,184,70,175,,281,71,,,181,73,,,192,171,,,307,87,,,,,,,,,,,306,177,,,300,,,,184,174,184,297,181,208,306,294,288,351,,,174,69,351,,186,182,76,91,270,160,,,187,177,181,180,,,,,166,77,,,297,173,,,302,,,,191,,,,281,90,,,172,54,,,301,320,,
7ji2_1,163,73,,,289,275,,,172,,,,278,177,187,,186,,,,73,289,,,287,,,,249,74,,,170,80,,,216,193,81,90,294,309,314,,288,,,,299,304,134,,183,154,48,65,,,,,292,171,71,176,,,,,277,339,,,167,66,21,,190,,,,288,284,,,178,169,203,287,173,,,,286,348,,,280,156,,,301,,,,268,48,,,287,354,,,289,174,,,188,,,,178,,,,180,86,342,,278,70,,,184,70,,,191,167,,,302,98,,,,,,,,,,,302,190,,,298,,,,182,176,167,260,177,186,316,212,283,359,,,170,77,349,,198,185,60,102,282,75,,,182,172,186,181,,,,,167,82,,,292,172,,,312,,,,192,,,,276,112,,,171,50,,,300,326,,
6k7t_1,173,58,,,280,279,,,293,4,,,,,,,299,,,,72,271,,,67,,,,,,,,195,343,,,183,271,,,296,112,,,288,353,,,197,168,64,239,284,282,,,292,,,,182,35,60,208,178,295,,,,,,,286,354,,,,,,,,,,,180,166,111,,297,,,,271,8,,,282,189,186,107,,,,,283,160,,,178,,,,173,,,,310,,,,282,158,281,,192,178,60,93,65,277,,,,,,,,,,,317,181,,,,,,,68,10,,,,,,,,,,,295,173,342,,298,,,,188,255,294,142,293,168,45,,291,337,,,,,,,288,48,64,,301,190,199,164,247,10,,,182,158,74,261,293,163,,,294,181,341,,192,,,,170,,,,174,56,,
6j2d_1,170,72,,,287,274,,,294,1,,,,,,,299,,,,67,279,,,162,,,,,,,,187,349,,,180,279,,,291,116,,,283,354,,,83,179,170,267,285,282,,,285,,,,190,154,242,181,187,283,,,,,,,299,340,,,,,,,,,,,173,150,308,,291,,,,273,3,,,91,142,57,178,,,,,282,168,,,174,,,,173,,,,298,,,,294,159,267,,334,149,182,90,34,88,,,,,,,,,,,324,170,,,,,,,56,20,,,,,,,,,,,309,255,91,,305,,,,217,189,89,266,290,178,4,,284,338,,,,,,,292,44,57,,310,186,196,186,247,6,,,190,173,62,264,291,169,,,290,186,336,,190,,,,180,,,,185,49,,
6j2h_1,165,62,,,286,286,,,294,359,,,,,,,292,,,,73,270,,,62,,,,,,,,173,274,,,190,168,56,251,285,285,,,290,,,,327,188,282,264,188,306,,,,,,,284,172,178,169,291,333,,,,,,,186,52,221,,296,,,,279,344,,,186,188,67,98,176,,,,,,,,278,164,,,281,7,,,178,,,,304,335,,,289,168,,,181,192,188,195,68,90,,,184,7,,,287,66,,,182,76,,,195,169,,,306,94,,,,,,,,,,,278,292,,,300,,,,180,174,146,286,300,174,183,185,286,10,,,290,330,,,305,204,192,160,261,2,,,189,214,48,86,,,,,168,85,,,296,167,,,299,144,257,,193,,,,273,113,,,174,58,,,290,318,,
6ilg_1,170,67,,,283,276,,,291,191,,,,,,,305,,,,70,92,,,75,,,,,,,,193,331,,,181,270,,,290,127,,,292,354,,,267,206,331,279,293,281,,,285,,,,181,199,326,143,187,293,,,,,,,275,352,,,,,,,,,,,189,166,284,,89,,,,285,305,,,172,177,185,174,,,,,285,167,,,181,,,,187,,,,299,,,,283,165,273,,56,191,155,279,33,84,,,,,,,,,,,314,181,,,,,,,55,17,,,,,,,,,,,312,287,3,,310,,,,177,167,158,272,281,163,21,,282,346,,,,,,,192,192,349,,302,245,276,141,219,1,,,183,194,329,121,288,172,,,291,175,173,,197,,,,181,,,,175,62,,
6ile_1,168,61,,,292,262,,,288,359,,,,,,,289,,,,65,278,,,65,,,,,,,,180,76,,,169,188,50,203,288,277,,,286,,,,175,170,21,141,197,346,,,,,,,280,175,172,172,274,20,,,,,,,264,208,3,,74,,,,276,288,,,307,198,226,193,168,,,,,,,,251,174,,,289,340,,,179,,,,298,333,,,276,188,,,188,202,195,180,64,275,,,182,211,,,276,75,,,183,260,,,190,81,,,317,81,,,,,,,,,,,300,310,,,296,,,,204,248,199,188,279,177,51,165,291,6,,,291,151,,,285,289,72,181,224,24,,,188,204,320,152,,,,,171,85,,,303,172,,,299,83,287,,192,,,,276,106,,,170,54,,,293,331,,
6ilc_1,170,62,,,287,279,,,301,354,,,,,,,296,,,,73,272,,,74,,,,,,,,186,343,,,186,270,,,293,116,,,282,356,,,265,204,323,279,285,286,,,289,,,,178,165,287,274,220,291,,,,,,,289,357,,,,,,,,,,,150,166,326,,112,,,,280,334,,,148,185,189,173,,,,,283,157,,,172,,,,188,,,,304,,,,287,157,273,,190,177,56,106,33,88,,,,,,,,,,,307,190,,,,,,,56,28,,,,,,,,,,,306,290,342,,302,,,,189,181,63,120,293,177,190,,290,336,,,,,,,221,203,308,,304,243,279,119,222,14,,,184,173,74,265,295,169,,,292,173,165,,190,,,,171,,,,180,54,,
5j6h_1,185,175,70,,286,269,,,318,206,3,,298,163,,,175,,,,77,283,,,282,,,,191,81,94,,175,96,,,172,202,176,144,275,297,269,,291,,,,303,304,116,,193,191,55,82,,,,,291,189,152,140,,,,,284,359,,,287,311,300,,175,,,,285,295,,,181,127,,,168,,,,306,,,,278,164,,,293,,,,298,215,,,289,356,,,292,170,,,184,31,,,55,96,,,188,136,,,299,252,,,181,75,,,198,165,,,300,99,,,,,,,,,,,305,153,,,290,,,,191,200,64,227,189,217,234,72,286,2,,,,,,,165,75,,,288,316,,,172,164,72,263,,,,,165,76,,,297,170,,,204,178,190,,188,,,,276,101,,,160,67,,,306,318,,
5hgb_1,199,210,304,,282,98,,,88,,,,,,,,174,,,,67,107,,,286,,,,185,83,93,,176,85,,,288,168,335,,303,294,304,,281,,,,,,,,288,181,289,184,62,,,,277,176,63,174,,,,,180,211,,,298,305,2,,81,,,,250,38,,,169,168,311,165,171,65,20,,284,338,,,286,158,,,291,165,,,,,,,279,1,,,203,159,,,173,215,71,,165,93,,,197,34,,,291,268,,,177,79,,,197,175,,,304,92,,,,,,,,,,,305,180,,,298,,,,180,166,162,293,302,176,84,161,290,3,,,172,,,,115,97,43,,293,309,311,,182,181,170,201,,,,,192,272,,,287,163,,,297,,,,204,,,,,,,,178,53,,,297,327,,
5hga_1,200,213,292,,283,277,,,75,,,,,,,,297,,,,67,283,,,286,,,,186,77,91,,180,85,,,284,161,12,,296,292,313,,292,,,,,,,,294,183,294,174,71,,,,289,236,240,155,,,,,178,53,,,203,64,28,,122,,,,251,21,,,206,166,289,194,188,57,207,,289,341,,,286,160,,,296,163,,,,,,,286,347,,,198,159,,,182,196,79,,170,89,,,195,175,,,290,266,,,183,76,,,197,173,,,308,90,,,,,,,,,,,308,169,,,300,,,,174,186,187,302,285,192,196,187,288,3,,,168,,,,180,276,332,,298,289,5,,181,185,171,174,,,,,190,269,,,282,169,,,304,,,,188,,,,,,,,184,50,,,302,331,,
4wu7_1,193,195,82,,280,278,,,76,,,,,,,,287,,,,73,284,,,291,,,,183,86,95,,173,99,,,301,175,1,,291,307,293,,302,,,,,,,,292,178,301,170,78,,,,273,201,162,210,,,,,177,50,,,292,313,282,,310,,,,258,17,,,236,111,101,158,194,46,42,,288,346,,,283,158,,,296,149,,,,,,,286,337,,,201,160,,,173,235,264,,171,85,,,199,173,,,291,260,,,184,83,,,182,155,,,312,85,,,,,,,,,,,312,166,,,300,,,,184,192,179,179,298,184,192,219,285,12,,,158,,,,123,95,195,,279,307,335,,180,194,152,113,,,,,183,85,,,287,157,,,299,,,,189,,,,,,,,192,33,,,292,328,,
4wu5_1,192,210,68,,285,285,,,80,,,,,,,,299,,,,75,275,,,284,,,,187,76,87,,179,72,,,292,176,28,,291,290,300,,284,,,,,,,,289,187,272,181,71,,,,267,192,154,197,,,,,189,190,,,291,301,291,,296,,,,264,25,,,166,134,44,259,181,51,19,,285,337,,,278,163,,,288,153,,,,,,,284,0,,,190,162,,,185,235,247,,177,90,,,192,176,,,294,80,,,180,78,,,185,163,,,304,90,,,,,,,,,,,307,172,,,291,,,,189,197,175,180,294,207,274,187,287,7,,,165,,,,128,77,203,,288,309,349,,190,184,178,187,,,,,197,86,,,286,161,,,301,,,,188,,,,,,,,184,44,,,296,323,,
4xxc_1,182,166,72,,287,275,,,285,182,,,172,,,,296,,,,69,277,,,290,,,,298,,,,180,86,,,199,170,54,249,281,276,,,291,,,,185,49,240,,289,165,,,290,,,,290,193,167,185,303,,,,285,345,,,301,307,314,,304,,,,279,298,,,298,180,175,170,176,188,359,,302,,,,278,165,,,294,346,,,268,63,,,297,342,,,181,53,,,194,202,283,256,72,274,,,175,15,,,295,,,,181,79,,,193,174,,,307,96,,,,,,,,,,,305,296,,,294,,,,176,172,347,,293,177,50,164,289,359,,,176,,,,177,207,13,,258,295,,,179,180,169,180,,,,,169,83,,,294,168,,,302,,,,190,,,,278,99,,,172,54,,,296,329,,
4o2f_1,179,169,61,,287,278,,,296,171,,,171,,,,296,,,,69,281,,,289,,,,172,119,114,,177,92,,,173,204,171,260,285,311,,,291,,,,184,51,245,,292,175,,,287,,,,288,184,178,176,298,,,,289,343,,,302,301,324,,303,,,,261,17,,,292,176,180,171,193,179,159,,296,,,,283,166,,,291,350,,,290,158,,,301,337,,,177,61,,,181,189,179,182,71,89,,,179,57,,,296,75,,,182,78,,,197,172,,,303,92,,,,,,,,,,,299,176,,,298,,,,181,178,352,,298,205,311,178,290,3,,,173,,,,301,175,238,,265,37,,,190,185,201,212,294,,,,168,79,,,295,169,,,303,,,,194,,,,282,92,,,174,51,,,302,324,,
4hs3_1,173,60,,,293,85,,,186,,,,292,176,14,,182,,,,83,290,,,294,,,,249,291,,,176,273,,,186,178,311,117,295,298,299,,292,,,,286,313,308,,272,192,299,191,,,,,278,174,183,177,,,,,290,343,,,291,307,125,,79,,,,285,291,,,292,188,187,174,174,,,,295,348,,,284,168,,,294,,,,305,189,,,179,,,,298,176,,,197,,,,175,,,,192,163,287,,294,65,,,180,86,,,197,167,,,308,96,,,289,,,,,,,,300,176,,,302,,,,180,176,175,177,291,185,184,179,291,357,,,172,63,12,,192,171,68,88,176,48,,,175,186,171,176,,,,,160,87,,,292,174,,,314,,,,186,,,,284,95,,,172,56,,,300,319,,
4pv9_1,172,56,,,288,274,,,182,,,,271,193,27,,187,,,,80,288,,,289,,,,242,84,,,174,87,,,229,192,141,191,300,318,296,,297,,,,288,312,116,,180,163,55,60,,,,,293,156,71,184,,,,,286,336,,,296,300,321,,298,,,,285,276,,,182,176,83,139,177,,,,293,5,,,282,165,,,307,,,,288,166,,,288,357,,,296,159,,,195,,,,181,,,,192,92,345,,275,80,,,179,82,,,196,169,,,304,95,,,,,,,,,,,306,160,,,302,,,,180,174,177,167,185,159,80,171,285,356,,,181,63,8,,185,189,74,97,284,188,,,194,179,66,91,,,,,165,82,,,301,163,,,308,,,,193,,,,278,93,,,171,59,,,305,319,,
4pv8_1,178,54,,,287,91,,,176,,,,226,161,81,,191,,,,78,288,,,289,,,,235,287,,,178,82,,,171,81,215,102,297,319,288,,299,,,,291,304,131,,179,169,61,58,,,,,304,205,292,202,,,,,283,353,,,299,310,308,,298,,,,285,284,,,175,202,96,104,169,,,,293,12,,,281,167,,,301,,,,288,163,,,285,0,,,302,167,,,199,,,,179,,,,192,80,352,,275,258,,,180,83,,,199,155,,,303,103,,,,,,,,,,,314,166,,,297,,,,183,161,161,181,204,181,295,294,284,0,,,191,50,38,,186,176,75,87,165,68,,,207,193,162,129,,,,,161,83,,,298,172,,,296,,,,192,,,,281,84,,,173,48,,,303,319,,
4jqv_1,185,165,67,,290,276,,,286,182,,,170,,,,295,,,,71,278,,,288,,,,302,,,,181,83,,,177,56,185,156,281,272,,,293,,,,185,116,33,,290,165,,,289,,,,287,187,176,190,297,,,,286,342,,,184,55,34,,304,,,,281,295,,,291,178,176,173,294,157,355,,300,,,,284,163,,,288,348,,,266,65,,,303,339,,,183,48,,,187,198,294,255,74,271,,,176,13,,,300,,,,182,78,,,192,169,,,304,95,,,,,,,,,,,306,300,,,300,,,,178,178,351,,288,172,55,164,288,0,,,172,,,,175,211,14,,260,294,,,179,181,171,184,,,,,168,82,,,294,169,,,302,,,,191,,,,278,99,,,174,54,,,295,329,,
3w39_1,53,,,,229,77,139,200,307,87,,,285,219,,,,,,,180,187,357,,73,275,,,298,193,58,95,248,282,77,,275,272,,,249,299,111,157,288,296,285,,292,,,,296,185,112,,278,185,,,301,,,,274,183,169,299,316,,,,302,,,,288,295,158,,284,,,,279,97,,,291,191,176,178,318,176,15,,291,8,,,264,192,308,279,297,170,,,275,211,328,273,287,,,,289,148,281,,195,265,331,,312,287,,,38,187,154,,281,326,,,176,91,,,60,,,,69,,,,,,,,289,179,345,,327,173,,,283,,,,72,192,96,79,191,222,181,58,325,199,145,272,294,176,192,,277,206,223,,184,53,,,199,197,343,224,,,,,160,86,,,,,,,290,191,,,287,148,38,,282,91,,,173,100,175,239
4f7t_1,182,170,69,,289,275,,,76,,,,,,,,294,,,,71,282,,,290,,,,187,78,92,,177,87,,,185,175,345,,298,292,307,,292,,,,,,,,291,189,286,179,73,,,,284,170,69,175,,,,,187,358,,,180,180,140,,302,,,,268,8,,,283,177,294,141,293,171,350,,284,341,,,283,169,,,298,175,,,,,,,289,358,,,187,66,,,201,279,157,,71,89,,,197,266,,,274,274,,,182,82,,,200,173,,,307,91,,,,,,,,,,,304,173,,,295,,,,180,181,173,176,173,186,299,202,286,4,,,172,,,,299,170,47,,287,309,328,,179,191,178,193,,,,,163,78,,,293,164,,,292,,,,188,,,,,,,,176,51,,,300,335,,
3tie_1,167,57,,,293,273,,,176,,,,305,183,345,,183,,,,76,288,,,294,,,,249,269,,,173,92,,,190,183,53,247,298,317,309,,291,,,,279,311,306,,311,206,316,206,,,,,285,184,179,300,,,,,281,342,,,290,308,130,,182,,,,285,276,,,284,187,200,177,167,,,,293,341,,,284,168,,,301,,,,263,23,,,290,353,,,300,175,,,187,,,,305,,,,176,79,339,,282,71,,,178,80,,,194,174,,,303,94,,,,,,,,,,,306,177,,,299,,,,176,168,170,294,274,188,186,185,284,357,,,175,69,355,,187,184,73,90,259,41,,,176,181,158,106,,,,,170,86,,,293,167,,,316,,,,183,,,,278,106,,,176,51,,,293,325,,
3tid_1,167,59,,,289,267,,,175,,,,297,184,356,,182,,,,80,291,,,293,,,,255,294,,,176,85,,,189,167,56,246,293,296,306,,296,,,,289,310,309,,287,190,291,184,,,,,287,182,168,291,,,,,286,336,,,292,305,136,,181,,,,284,284,,,188,175,301,182,169,,,,295,345,,,282,158,,,300,,,,265,62,,,289,350,,,295,169,,,187,,,,176,,,,183,88,329,,280,62,,,180,83,,,196,169,,,308,93,,,,,,,,,,,301,171,,,298,,,,178,174,175,172,284,189,185,184,290,359,,,169,59,18,,185,175,75,90,174,58,,,179,185,167,104,,,,,168,78,,,295,169,,,295,,,,188,,,,282,92,,,174,56,,,299,325,,
3spv_1,178,159,69,,285,78,,,294,6,,,178,,,,183,,,,69,267,,,63,,,,57,284,343,,168,275,,,174,62,164,166,280,277,,,295,,,,172,200,0,,295,168,,,287,309,,,288,180,53,188,304,,,,287,352,,,302,304,322,,298,,,,277,3,,,290,173,174,174,191,175,354,,293,,,,281,167,,,292,346,,,279,167,,,299,340,,,175,66,,,63,,,,64,79,,,182,36,,,301,83,,,180,82,,,197,170,,,304,100,,,,,,,,,,,305,302,,,298,,,,178,172,342,,286,169,70,172,288,1,,,166,,,,297,171,63,,287,334,,,179,180,170,182,,,,,167,86,,,293,167,,,308,,,,190,,,,282,98,,,175,50,,,298,332,,
3roo_1,171,57,,,291,272,,,178,,,,309,183,348,,186,,,,84,289,,,290,,,,246,287,,,178,268,,,191,179,314,270,295,301,302,,296,,,,292,319,306,,283,192,305,186,,,,,295,178,180,261,,,,,289,335,,,289,314,308,,304,,,,283,102,,,194,173,286,186,175,,,,292,340,,,286,164,,,301,,,,264,58,,,293,350,,,299,172,,,184,,,,177,,,,177,109,141,,274,69,,,182,84,,,194,171,,,308,97,,,,,,,,,,,303,168,,,298,,,,187,173,176,305,280,181,187,202,289,356,,,176,54,26,,185,170,76,85,178,49,,,177,181,192,185,,,,,165,83,,,297,170,,,311,,,,189,,,,279,94,,,176,43,,,299,322,,
3rol_1,170,47,,,293,271,,,178,,,,296,179,20,,178,,,,78,292,,,289,,,,251,283,,,174,266,,,193,174,72,84,292,307,290,,295,,,,299,295,309,,273,158,47,167,,,,,293,198,176,182,,,,,297,308,,,294,308,320,,205,,,,287,111,,,205,166,286,184,169,,,,306,329,,,293,160,,,308,,,,273,51,,,289,350,,,293,157,,,204,,,,152,,,,186,158,128,,298,72,,,185,81,,,196,156,,,306,94,,,,,,,,,,,307,175,,,290,,,,184,170,164,175,293,180,179,188,294,356,,,296,292,0,,190,173,67,87,180,55,,,191,197,198,211,,,,,171,82,,,298,169,,,296,,,,188,,,,282,97,,,178,55,,,300,317,,
3rwj_1,180,179,62,,276,273,,,297,169,,,172,,,,291,,,,65,278,,,287,,,,197,68,9,,182,95,,,176,69,356,,,,,,294,,,,193,266,299,181,285,197,172,109,,,,,295,186,176,182,273,294,302,,,,,,124,82,202,,299,,,,270,199,,,311,193,201,108,183,172,167,,291,335,,,278,171,,,296,,,,,,,,288,344,,,288,185,,,177,180,181,179,76,90,,,181,132,,,63,,,,187,78,,,190,176,,,299,91,,,,,,,,,,,305,329,,,301,,,,181,181,4,,274,192,173,186,295,355,,,184,56,,,298,138,68,187,184,79,,,251,192,63,261,,,,,164,78,,,297,175,,,286,184,301,,186,,,,270,110,,,180,53,,,298,334,,
3rwh_1,187,178,65,,275,277,,,297,258,,,181,,,,294,,,,69,278,,,285,,,,193,75,328,,175,89,,,181,66,7,,,,,,295,,,,188,190,66,85,304,191,183,192,,,,,294,186,177,183,188,171,1,,,,,,170,63,26,,301,,,,275,266,,,294,184,287,261,197,167,348,,296,339,,,285,172,,,302,,,,,,,,283,349,,,290,183,,,218,170,188,176,70,81,,,189,292,,,61,,,,184,81,,,191,178,,,302,92,,,,,,,,,,,301,333,,,299,,,,176,187,356,,201,185,75,65,289,3,,,183,22,,,288,180,295,274,173,76,,,189,173,47,219,,,,,161,86,,,291,177,,,291,177,329,,195,,,,283,99,,,178,54,,,296,335,,
3pab_1,167,62,,,290,277,,,176,,,,295,174,9,,171,,,,73,274,,,69,,,,253,67,,,175,80,,,300,185,313,266,299,292,299,,296,,,,290,309,306,,166,153,65,60,,,,,293,155,74,167,,,,,284,336,,,299,287,320,,185,,,,279,261,,,206,287,161,267,170,,,,292,332,,,288,160,,,304,,,,290,182,,,288,359,,,291,171,,,197,,,,186,,,,183,79,344,,282,70,,,180,80,,,199,181,,,304,95,,,,,,,,,,,304,179,,,292,,,,181,173,182,178,174,155,45,182,288,357,,,174,68,358,,189,180,78,82,260,121,,,171,203,253,73,,,,,166,84,,,287,175,,,302,,,,188,,,,187,106,,,211,35,,,159,84,,
3p9m_1,170,55,,,293,90,,,176,,,,295,179,1,,185,,,,77,291,,,294,,,,242,85,,,176,89,,,185,181,43,65,297,302,333,,294,,,,294,305,136,,168,159,59,66,,,,,293,160,57,176,,,,,281,341,,,291,296,321,,182,,,,277,257,,,177,184,152,264,167,,,,294,329,,,288,160,,,298,,,,291,189,,,293,350,,,296,182,,,194,,,,182,,,,179,82,160,,280,70,,,183,80,,,199,171,,,305,99,,,,,,,,,,,300,179,,,296,,,,174,170,165,167,223,159,173,176,285,359,,,170,80,167,,182,184,81,89,259,145,,,182,170,184,161,,,,,169,84,,,295,162,,,313,,,,187,,,,284,101,,,174,48,,,302,321,,
3p9l_1,176,51,,,292,277,,,174,,,,298,179,355,,189,,,,73,292,,,292,,,,244,85,,,176,85,,,189,178,43,63,291,307,329,,291,,,,291,306,304,,181,158,53,68,,,,,298,157,73,176,,,,,275,341,,,159,64,14,,191,,,,279,266,,,188,181,179,183,172,,,,291,328,,,284,161,,,295,,,,291,183,,,287,358,,,300,171,,,191,,,,185,,,,173,88,339,,282,64,,,181,80,,,197,178,,,304,98,,,,,,,,,,,304,177,,,295,,,,178,192,174,97,176,190,313,199,282,358,,,172,75,348,,192,183,76,90,263,291,,,182,175,200,175,,,,,168,83,,,294,168,,,309,,,,189,,,,278,107,,,173,56,,,295,324,,
3p4n_1,170,60,,,293,91,,,176,,,,296,183,357,,188,,,,85,290,,,298,,,,240,123,,,166,90,,,185,167,62,260,296,316,293,,282,,,,203,50,28,,249,179,309,204,,,,,290,152,80,188,,,,,277,340,,,301,284,347,,208,,,,283,291,,,179,154,155,275,175,,,,302,345,,,263,349,,,295,,,,289,189,,,295,359,,,295,176,,,183,,,,175,,,,225,193,60,,287,71,,,184,80,,,199,165,,,307,102,,,,,,,,,,,313,184,,,291,,,,215,173,167,295,178,186,301,170,290,357,,,313,210,214,,169,174,159,279,245,70,,,203,183,101,258,,,,,167,77,,,299,160,,,77,,,,190,,,,288,83,,,176,49,,,295,313,,
3p4m_1,170,66,,,288,92,,,161,,,,285,186,22,,195,,,,85,287,,,287,,,,239,119,,,167,91,,,178,160,88,272,294,303,284,,300,,,,199,56,44,,265,194,279,170,,,,,282,173,176,189,,,,,281,337,,,303,290,344,,201,,,,278,287,,,190,176,124,268,177,,,,289,358,,,285,164,,,306,,,,272,171,,,295,1,,,290,181,,,189,,,,90,,,,177,162,107,,284,70,,,183,71,,,215,172,,,303,107,,,,,,,,,,,305,192,,,302,,,,178,177,192,299,175,188,297,195,284,351,,,236,114,18,,171,183,67,97,207,87,,,185,186,158,260,,,,,169,85,,,299,180,,,53,,,,192,,,,284,94,,,174,46,,,289,326,,
3p4o_1,164,70,,,285,86,,,173,,,,300,197,342,,184,,,,77,289,,,302,,,,244,118,,,171,85,,,171,177,294,94,287,313,282,,285,,,,300,308,150,,281,191,296,193,,,,,294,164,82,185,,,,,296,334,,,296,306,327,,191,,,,276,272,,,188,192,98,260,174,,,,307,345,,,286,160,,,307,,,,294,218,,,287,6,,,306,169,,,205,,,,71,,,,191,177,82,,279,72,,,179,84,,,204,174,,,303,100,,,,,,,,,,,308,184,,,280,,,,177,163,163,287,170,177,185,162,286,354,,,210,119,5,,164,172,311,124,176,47,,,187,180,63,261,,,,,169,93,,,299,175,,,295,,,,196,,,,279,88,,,177,44,,,297,319,,
3o3e_1,180,167,88,,283,107,,,305,95,,,,,,,295,,,,70,277,,,286,,,,189,75,97,,181,86,,,,,,,294,298,105,,297,,,,199,148,69,226,288,168,187,67,81,,,,281,171,182,163,,,,,284,63,,,294,303,129,,257,,,,276,338,,,289,186,175,190,177,,,,290,345,,,283,162,,,304,,,,289,158,,,290,348,,,294,,,,177,187,187,190,64,76,,,178,282,,,263,254,,,182,72,,,192,169,,,300,99,,,,,,,,,,,300,,,,294,,,,180,176,189,285,294,168,173,175,287,8,,,170,,,,315,216,75,,253,0,,,178,165,74,259,,,,,165,83,,,298,158,,,310,,,,190,,,,282,89,,,182,52,,,299,334,,
3o3d_1,184,170,70,,287,100,,,307,91,,,,,,,297,,,,72,276,,,288,,,,187,77,96,,179,86,,,,,,,296,307,109,,299,,,,174,184,54,73,291,181,277,171,82,,,,278,170,184,169,,,,,284,66,,,285,314,110,,264,,,,277,152,,,276,194,193,174,179,,,,290,345,,,288,157,,,304,,,,291,157,,,290,344,,,297,,,,168,188,261,123,64,75,,,181,112,,,203,278,,,182,73,,,195,172,,,301,94,,,,,,,,,,,300,,,,295,,,,177,173,180,292,293,174,175,176,290,4,,,172,,,,324,221,70,,266,34,,,191,173,77,229,,,,,173,77,,,295,166,,,305,,,,187,,,,282,81,,,174,53,,,296,330,,
3o3b_1,180,165,79,,281,103,,,309,89,,,,,,,296,,,,72,277,,,287,,,,187,74,101,,182,86,,,,,,,298,305,105,,294,,,,169,183,44,79,284,180,267,162,83,,,,289,174,175,155,,,,,284,61,,,290,310,104,,259,,,,280,345,,,275,179,202,198,177,,,,292,342,,,284,154,,,306,,,,291,162,,,290,345,,,300,,,,168,191,196,189,59,78,,,188,286,,,277,248,,,184,76,,,190,177,,,298,99,,,,,,,,,,,296,,,,294,,,,174,178,186,289,293,181,181,175,297,359,,,166,,,,293,148,60,,261,23,,,181,181,97,90,,,,,170,81,,,297,164,,,312,,,,184,,,,288,84,,,178,50,,,302,325,,
3o3a_1,178,170,83,,279,110,,,310,92,,,,,,,297,,,,69,275,,,291,,,,189,74,97,,179,86,,,,,,,294,302,103,,296,,,,286,186,286,105,285,163,195,136,79,,,,278,165,175,166,,,,,282,60,,,281,306,136,,237,,,,272,348,,,284,189,188,179,179,,,,287,341,,,286,159,,,299,,,,292,159,,,289,347,,,291,,,,170,192,196,187,59,79,,,188,274,,,272,253,,,183,74,,,196,174,,,297,97,,,,,,,,,,,298,,,,297,,,,179,173,188,285,293,174,176,176,287,9,,,169,,,,306,171,79,,259,25,,,189,177,91,98,,,,,170,78,,,297,162,,,306,,,,183,,,,283,92,,,180,47,,,298,333,,
3ln4_1,184,164,69,,287,282,,,294,173,,,291,,,,295,,,,71,275,,,66,,,,274,264,184,57,178,91,,,178,189,178,267,287,289,315,,295,,,,189,52,65,,287,168,,,291,,,,286,193,149,302,298,,,,283,339,,,308,303,140,,303,,,,275,254,,,292,174,178,174,185,174,1,,297,,,,283,167,,,293,345,,,288,155,,,298,337,,,175,56,,,183,186,178,193,74,273,,,184,26,,,293,81,,,180,82,,,197,172,,,303,94,,,,,,,,,,,299,305,,,300,,,,179,178,14,,288,199,296,187,288,2,,,171,,,,302,171,225,,288,335,,,181,183,173,182,,,,,167,82,,,292,167,,,297,,,,189,,,,282,83,,,174,53,,,299,333,,
3fon_1,166,63,,,290,270,,,135,,,,296,193,353,,190,,,,76,287,,,287,,,,247,289,,,181,273,,,,,,,283,291,282,,288,,,,185,174,27,,290,304,,,,,,,292,190,178,213,,,,,289,341,,,293,290,352,,174,,,,80,,,,290,180,195,160,180,,,,295,340,,,287,154,,,297,,,,,,,,286,354,,,285,170,,,301,161,93,124,174,163,60,191,208,212,124,,178,,,,180,81,,,202,172,,,297,102,,,,,,,,,,,298,155,,,287,,,,178,168,183,322,170,197,275,173,278,4,,,,,,,288,186,293,274,274,128,,,179,167,139,275,,,,,166,77,,,295,166,,,,,,,194,,,,280,99,,,166,59,,,300,317,,
3fol_1,164,68,,,287,88,,,169,,,,192,138,158,,184,,,,76,289,,,304,,,,246,280,,,175,273,,,,,,,280,303,268,,269,,,,215,40,229,,298,183,,,,,,,301,177,147,22,,,,,295,340,,,232,58,103,,298,,,,275,,,,209,155,146,237,183,,,,293,328,,,257,347,,,305,,,,,,,,289,341,,,311,283,,,307,179,161,246,91,181,134,201,213,243,149,,174,,,,191,69,,,206,170,,,299,92,,,,,,,,,,,304,190,,,300,,,,178,185,177,227,253,78,155,308,292,9,,,,,,,283,189,289,285,287,315,,,172,188,220,198,,,,,155,90,,,298,173,,,,,,,168,,,,282,101,,,172,51,,,301,313,,
3fqn_1,180,169,71,,281,271,,,309,266,,,,,,,293,,,,75,279,,,290,,,,189,73,89,,178,267,,,,,,,296,309,298,,295,,,,168,183,51,81,290,181,289,183,82,,,,287,179,164,198,,,,,282,65,,,296,316,292,,292,,,,272,216,,,172,189,64,71,173,,,,285,354,,,282,156,,,301,,,,294,159,,,287,346,,,162,,,,184,190,305,258,64,77,,,183,115,,,188,115,,,183,78,,,195,170,,,294,102,,,,,,,,,,,292,,,,297,,,,175,174,178,174,287,176,65,169,290,8,,,173,,,,304,177,49,,295,181,,,176,168,174,246,,,,,164,79,,,295,167,,,300,,,,186,,,,283,83,,,173,56,,,298,331,,
2zsw_1,163,63,,,289,277,,,166,,,,275,177,12,,188,,,,77,289,,,288,,,,244,78,,,170,78,,,,,,,293,312,289,,301,,,,303,304,325,,183,157,52,66,,,,,276,198,199,168,,,,,271,355,,,284,309,122,,202,,,,283,276,,,191,201,57,159,180,,,,281,10,,,289,151,,,287,,,,287,170,,,289,351,,,297,161,,,179,,,,154,,,,184,95,312,,275,64,,,181,66,,,198,162,,,308,97,,,,,,,,,,,321,199,,,290,,,,194,183,163,286,,,,,291,5,,,167,65,195,,187,178,65,94,189,43,,,,,,,,,,,160,74,,,303,166,,,303,,,,193,,,,283,99,,,164,62,,,302,323,,
2zsv_1,176,56,,,291,86,,,166,,,,218,180,79,,184,,,,79,288,,,288,,,,248,80,,,174,86,,,287,,,,295,313,299,,291,,,,309,296,343,,175,160,52,66,,,,,289,163,65,181,,,,,281,336,,,293,295,320,,297,,,,282,279,,,171,188,176,195,171,,,,292,348,,,286,159,,,301,,,,293,175,,,289,355,,,299,174,,,186,,,,172,,,,179,185,263,,272,67,,,183,77,,,196,165,,,310,98,,,,,,,,,,,304,167,,,298,,,,175,169,186,190,180,193,301,206,287,349,,,182,54,24,,187,170,75,85,177,52,,,176,179,153,,,,,,167,77,,,298,170,,,303,,,,190,,,,284,88,,,168,56,,,304,321,,
3bwa_1,182,165,67,,286,271,,,297,352,,,,,,,298,,,,70,97,,,294,,,,311,,,,178,91,,,288,184,192,170,268,266,,,295,,,,183,183,344,,287,166,,,295,317,,,280,175,187,182,298,,,,293,163,,,304,303,317,,307,,,,277,90,,,292,174,177,174,185,177,346,,296,,,,282,158,,,293,348,,,266,64,,,300,339,,,294,173,,,191,188,172,189,68,89,,,200,342,,,299,,,,180,79,,,197,172,,,303,97,,,,,,,,,,,301,304,,,299,,,,178,173,342,,175,154,64,185,287,4,,,170,,,,297,172,300,,293,177,165,202,179,183,169,187,,,,,168,76,,,291,166,,,282,180,,,193,,,,281,98,,,171,54,,,300,329,,
2clv_1,170,64,,,284,80,,,179,,,,176,,,,186,,,,80,289,,,292,,,,267,111,,,172,84,,,187,170,57,243,293,305,302,,297,,,,292,318,123,,284,183,284,184,,,,,291,170,81,182,,,,,280,321,,,296,302,318,,76,,,,278,230,,,181,278,299,330,175,,,,289,338,,,287,155,,,299,,,,293,201,,,290,354,,,296,169,,,195,,,,319,,,,172,96,140,,279,73,,,183,80,,,199,174,,,307,96,,,,,,,,,,,305,158,,,297,,,,188,179,175,174,280,168,87,291,285,2,,,165,69,197,,188,177,68,94,212,204,,,193,213,219,195,,,,,169,82,,,295,174,,,303,,,,189,,,,281,93,,,177,58,,,300,321,,
2clz_1,169,63,,,289,85,,,192,,,,175,,,,184,,,,78,292,,,290,,,,237,126,,,175,95,,,277,191,276,267,300,321,302,,290,,,,216,48,48,,181,181,282,157,,,,,289,179,165,169,,,,,287,340,,,177,57,30,,300,,,,271,213,,,175,201,140,195,172,,,,289,344,,,287,169,,,302,,,,291,158,,,287,348,,,179,169,,,167,,,,170,,,,195,85,177,,275,71,,,180,69,,,197,174,,,304,89,,,,,,,,,,,307,158,,,303,,,,177,169,175,168,171,175,168,174,288,349,,,258,293,125,,190,180,67,94,180,49,,,192,189,187,262,,,,,166,81,,,292,173,,,303,,,,190,,,,279,91,,,172,54,,,299,324,,
1zvs_1,176,176,86,,281,270,,,300,351,,,,,,,165,,,,64,302,,,295,,,,184,69,97,,169,282,,,168,200,201,165,296,298,78,,304,,,,287,175,177,289,258,341,,,297,302,98,,287,178,173,297,311,,,,295,300,17,,307,306,165,,308,332,,,,,,,33,315,,,188,,,,290,308,,,288,174,,,309,,,,284,170,,,287,352,,,170,50,,,179,189,187,185,274,,,,160,64,305,,304,67,,,184,67,,,196,161,,,309,89,,,,,,,,,,,273,296,,,301,,,,183,176,307,,165,173,178,179,283,358,,,173,,,,58,,,,206,48,64,,200,173,75,71,,,,,168,92,,,294,179,,,191,156,58,,202,,,,272,103,,,178,46,,,298,319,,
1zt1_1,170,62,,,292,278,,,284,201,,,181,,,,177,,,,79,295,,,295,,,,217,257,,,176,269,,,269,184,125,306,275,288,,,294,,,,293,320,298,,293,159,,,,,,,292,190,176,173,,,,,280,315,,,287,167,67,,284,161,,,269,42,,,279,179,76,171,172,,,,293,346,,,286,158,,,297,,,,,,,,282,8,,,196,77,,,178,197,178,194,67,104,,,178,70,86,,296,83,,,183,73,,,191,163,,,307,92,,,,,,,,,,,196,179,,,301,,,,178,174,190,280,288,169,171,191,292,5,,,285,319,,,286,187,280,271,299,327,,,195,197,337,177,,,,,170,79,,,299,163,,,291,,,,184,,,,281,87,,,173,46,,,299,317,,
1rk0_1,170,56,,,288,286,,,179,,,,260,184,51,,180,,,,72,288,,,297,,,,213,265,,,175,280,,,172,164,38,74,295,300,318,,292,,,,288,310,302,,193,195,314,164,,,,,283,182,173,188,,,,,293,324,,,288,299,105,,58,,,,270,74,,,184,168,170,282,175,,,,296,322,,,286,161,,,304,,,,297,188,,,292,348,,,289,182,,,192,,,,185,,,,179,88,328,,287,78,,,185,68,,,200,172,,,311,90,,,,,,,,,,,294,172,,,298,,,,181,178,186,299,298,186,190,177,285,354,,,184,54,27,,179,183,82,83,195,42,,,179,166,121,107,,,,,163,76,,,292,173,,,287,,,,188,,,,282,96,,,181,51,,,296,319,,
1rjy_1,165,59,,,291,86,,,185,,,,182,,,,190,,,,74,291,,,295,,,,257,120,,,170,83,,,172,162,44,60,292,305,300,,292,,,,291,301,84,,192,186,302,174,,,,,288,185,176,185,,,,,290,330,,,293,304,312,,289,,,,278,236,,,178,176,175,286,180,,,,297,325,,,288,165,,,295,,,,296,177,,,291,356,,,292,179,,,183,,,,183,,,,185,69,179,,282,70,,,180,74,,,195,177,,,306,89,,,,,,,,,,,300,181,,,299,,,,180,176,176,180,292,185,185,178,289,357,,,176,69,346,,188,179,73,90,298,176,,,182,183,178,179,,,,,164,75,,,296,171,,,294,,,,191,,,,280,90,,,174,58,,,298,316,,
1rjz_1,165,69,,,291,103,,,177,,,,195,,,,179,,,,73,292,,,291,,,,248,148,,,177,74,,,169,163,56,64,284,298,298,,292,,,,282,306,129,,214,191,300,171,,,,,294,181,173,179,,,,,282,314,,,299,292,148,,284,,,,266,239,,,172,170,190,278,182,,,,290,327,,,278,164,,,320,,,,296,194,,,294,335,,,284,191,,,191,,,,181,,,,184,74,162,,287,66,,,181,70,,,204,183,,,314,86,,,,,,,,,,,307,183,,,302,,,,185,167,178,297,285,187,186,180,289,355,,,173,83,329,,190,179,64,88,290,171,,,185,195,166,76,,,,,170,73,,,299,173,,,292,,,,200,,,,283,91,,,178,53,,,290,307,,
1t0m_1,172,57,,,291,88,,,180,,,,267,186,38,,185,,,,74,295,,,290,,,,232,81,,,173,79,,,,,,,293,308,320,,294,,,,196,71,316,,176,159,55,62,,,,,297,199,299,189,,,,,273,336,,,292,301,307,,196,,,,275,257,,,176,188,174,181,179,,,,294,328,,,283,166,,,301,,,,294,189,,,292,351,,,289,178,,,193,,,,178,,,,185,71,165,,287,69,,,181,72,,,193,181,,,307,93,,,,,,,,,,,296,173,,,296,,,,188,174,184,297,188,185,299,185,285,359,,,178,67,358,,186,179,80,86,264,127,,,190,188,184,189,,,,,168,83,,,297,169,,,305,,,,189,,,,278,103,,,171,55,,,300,319,,
1s7q_1,172,57,,,290,272,,,349,,,,305,182,354,,184,,,,83,293,,,291,,,,242,111,,,180,272,,,291,167,148,258,291,303,292,,289,,,,282,317,302,,182,149,43,135,,,,,283,167,167,192,,,,,283,342,,,291,312,309,,297,,,,285,284,,,189,174,298,182,169,,,,290,343,,,286,160,,,299,,,,265,58,,,288,3,,,295,169,,,188,,,,177,,,,177,117,316,,280,69,,,185,80,,,195,169,,,308,98,,,,,,,,,,,296,161,,,296,,,,179,174,192,280,291,175,182,198,284,3,,,172,62,20,,191,171,73,86,177,50,,,175,178,193,184,,,,,167,82,,,296,166,,,299,,,,189,,,,281,97,,,177,52,,,299,320,,
1s7s_1,172,54,,,290,273,,,346,,,,303,179,2,,186,,,,84,289,,,292,,,,238,68,,,183,275,,,286,167,173,246,304,320,291,,285,,,,285,316,302,,166,192,303,170,,,,,285,171,174,184,,,,,280,345,,,291,312,309,,277,,,,286,281,,,284,202,190,165,172,,,,286,342,,,285,158,,,292,,,,268,53,,,288,0,,,292,173,,,189,,,,179,,,,182,137,301,,296,63,,,184,78,,,194,170,,,309,99,,,,,,,,,,,294,163,,,298,,,,178,172,185,299,294,176,177,189,286,0,,,174,54,28,,212,189,127,232,218,197,,,169,181,201,190,,,,,166,80,,,292,166,,,293,,,,190,,,,284,84,,,172,58,,,300,325,,
1s7t_1,171,57,,,293,271,,,356,,,,301,182,4,,189,,,,84,288,,,293,,,,241,80,,,184,270,,,269,195,184,190,291,296,286,,291,,,,286,330,297,,201,187,282,176,,,,,276,153,166,226,,,,,289,344,,,295,305,316,,183,,,,278,285,,,194,182,287,177,171,,,,292,343,,,287,163,,,296,,,,262,44,,,293,348,,,300,170,,,193,,,,184,,,,178,125,313,,296,65,,,184,78,,,190,170,,,311,96,,,,,,,,,,,300,170,,,300,,,,175,169,182,308,286,171,169,213,285,2,,,183,58,25,,209,195,123,238,226,176,,,176,168,183,177,,,,,164,82,,,297,170,,,295,,,,188,,,,280,93,,,178,47,,,300,324,,
1n59_1,171,58,,,276,283,,,314,,,,278,195,28,,174,,,,78,296,,,301,,,,234,77,,,172,279,,,301,192,180,196,300,308,309,,290,,,,292,304,301,,75,192,190,175,,,,,296,196,162,183,,,,,290,314,,,300,313,312,,173,,,,284,299,,,188,214,278,194,175,,,,284,313,,,273,170,,,296,,,,263,47,,,286,333,,,286,168,,,186,,,,91,,,,178,152,301,,290,69,,,187,76,,,191,180,,,303,99,,,,,,,,,,,278,188,,,289,,,,180,181,183,299,279,205,198,185,296,352,,,181,49,32,,180,213,176,202,213,185,,,171,172,161,179,,,,,161,79,,,292,171,,,288,,,,184,,,,281,92,,,175,41,,,300,313,,
1kj3_1,161,71,,,291,93,,,181,,,,301,199,345,,194,,,,78,288,,,286,,,,234,77,,,184,87,,,329,312,306,185,290,317,280,,294,,,,209,60,327,,188,204,287,161,,,,,319,218,279,216,,,,,279,341,,,173,59,27,,170,,,,281,281,,,270,128,166,73,176,,,,288,342,,,296,158,,,304,,,,292,183,,,295,350,,,295,176,,,183,,,,174,,,,180,85,162,,280,64,,,181,83,,,195,169,,,305,92,,,,,,,,,,,305,175,,,307,,,,187,157,156,279,186,194,290,199,285,8,,,178,60,354,,182,183,84,96,276,132,,,177,169,159,142,,,,,161,80,,,303,164,,,313,,,,195,,,,277,90,,,171,58,,,308,315,,
1e28_1,160,144,89,,275,290,,,290,10,,,,,,,291,,,,74,282,,,287,,,,105,,,,177,274,,,204,265,205,174,270,279,,,293,,,,181,48,60,,290,178,,,285,315,,,280,176,171,301,307,,,,275,174,,,288,309,67,,305,,,,280,67,,,271,179,188,166,274,102,64,,286,30,,,281,162,,,296,175,,,,,,,284,21,,,251,136,,,289,,,,75,81,,,191,187,,,288,73,,,187,71,,,193,182,,,313,81,,,,,,,,,,,309,296,,,273,,,,194,182,313,,262,187,190,164,287,351,,,269,299,305,,290,286,179,,197,48,,,163,150,77,164,,,,,175,67,,,297,183,,,250,191,,,189,,,,273,100,,,178,51,,,291,304,,
1duy_1,241,255,54,,281,282,,,308,273,,,,,,,300,,,,66,286,,,290,,,,183,73,105,,179,81,,,,,,,301,296,293,,302,,,,179,179,62,68,302,194,266,183,79,,,,273,172,173,174,,,,,279,52,,,284,313,306,,70,,,,275,82,,,144,151,129,137,165,,,,297,322,,,285,170,,,305,,,,290,158,,,288,352,,,175,,,,168,191,203,181,65,72,,,177,72,,,281,69,,,182,71,,,192,167,,,304,91,,,,,,,,,,,307,,,,300,,,,172,168,170,296,258,179,182,179,295,354,,,172,,,,296,180,287,,295,176,,,182,169,177,179,,,,,165,78,,,300,166,,,307,,,,184,,,,283,83,,,175,51,,,299,322,,
1osz_1,165,57,,,283,273,,,327,,,,286,201,15,,190,,,,80,289,,,290,,,,236,85,,,178,273,,,263,140,160,286,287,308,273,,289,,,,282,343,293,,124,201,293,160,,,,,283,186,192,249,,,,,280,341,,,291,323,288,,184,,,,277,278,,,251,187,226,186,172,,,,283,352,,,293,156,,,298,,,,260,37,,,287,358,,,292,179,,,190,,,,6,,,,169,165,25,,276,61,,,185,73,,,196,164,,,319,91,,,,,,,,,,,294,166,,,296,,,,186,181,181,276,261,195,206,195,289,358,,,163,71,4,,230,239,312,172,218,208,,,204,185,322,132,,,,,161,80,,,297,172,,,300,,,,187,,,,273,93,,,168,51,,,293,328,,
1a1n_1,179,164,77,,283,273,,,296,354,,,,,,,293,,,,72,276,,,284,,,,142,,,,172,90,,,182,88,201,107,277,257,,,300,,,,280,160,14,,287,168,,,292,321,,,279,175,170,172,299,,,,265,111,,,296,314,134,,258,,,,271,281,,,284,173,177,176,189,161,326,,306,,,,280,158,,,295,167,,,273,62,,,301,346,,,291,175,,,193,181,194,139,65,271,,,182,46,,,292,,,,178,76,,,192,174,,,306,95,,,,,,,,,,,301,313,,,296,,,,181,174,342,,289,187,169,195,288,0,,,172,,,,291,171,283,,248,168,,,182,175,164,182,,,,,171,87,,,294,170,,,285,175,,,188,,,,279,95,,,174,53,,,297,334,,
1agb_1,177,171,74,,285,274,,,293,7,,,173,,,,293,,,,70,280,,,289,,,,180,85,314,,172,269,,,173,182,69,249,283,282,,,289,,,,303,329,318,,287,183,,,285,289,,,275,179,145,91,64,,,,288,352,,,273,312,120,,300,,,,283,13,,,281,169,171,178,303,191,16,,304,,,,274,169,,,289,350,,,265,61,,,301,342,,,206,227,,,46,,,,48,276,,,188,11,,,290,74,,,179,84,,,198,189,,,311,90,,,,,,,,,,,300,302,,,305,,,,181,177,347,,299,179,174,177,284,2,,,163,,,,294,301,132,,294,354,,,176,187,168,168,,,,,167,84,,,294,171,,,308,,,,182,,,,275,120,,,179,49,,,299,336,,
1agd_1,179,165,68,,283,82,,,294,359,,,179,,,,296,,,,69,281,,,283,,,,178,71,341,,170,274,,,178,182,60,252,282,293,,,289,,,,280,349,279,,290,174,,,295,296,,,283,215,149,136,287,,,,278,357,,,283,318,127,,294,,,,278,12,,,300,198,157,150,277,171,59,,288,,,,278,167,,,280,354,,,263,26,,,298,342,,,171,60,,,320,,,,64,80,,,184,29,,,291,78,,,180,82,,,197,181,,,307,93,,,,,,,,,,,301,305,,,298,,,,183,177,335,,293,182,173,169,285,0,,,162,,,,297,304,116,,289,335,,,178,183,167,171,,,,,167,85,,,301,160,,,310,,,,192,,,,280,103,,,174,53,,,294,337,,
1age_1,183,167,65,,284,83,,,299,352,,,175,,,,292,,,,69,279,,,287,,,,173,78,343,,168,277,,,174,181,60,253,285,284,,,285,,,,292,348,298,,292,177,,,298,292,,,283,202,148,145,299,,,,283,354,,,293,303,126,,298,,,,271,20,,,269,165,191,181,273,145,17,,292,,,,280,166,,,283,177,,,256,10,,,302,334,,,178,53,,,8,,,,62,80,,,185,38,,,293,79,,,181,79,,,199,187,,,309,91,,,,,,,,,,,301,310,,,301,,,,187,176,333,,292,178,167,173,284,1,,,166,,,,297,301,131,,285,333,,,177,180,174,184,,,,,167,81,,,303,165,,,310,,,,185,,,,279,106,,,177,43,,,293,340,,
1agf_1,174,167,76,,282,274,,,304,354,,,168,,,,294,,,,69,281,,,289,,,,178,78,326,,173,272,,,184,185,59,249,283,290,,,286,,,,292,320,300,,283,169,,,289,298,,,280,186,176,181,301,,,,286,340,,,259,314,132,,301,,,,288,1,,,288,176,174,172,287,172,347,,308,,,,282,164,,,289,349,,,255,354,,,297,343,,,169,58,,,307,,,,53,282,,,186,20,,,304,77,,,181,78,,,194,176,,,308,96,,,,,,,,,,,299,299,,,299,,,,187,181,341,,292,182,173,179,288,1,,,156,,,,316,289,90,,291,349,,,179,185,177,164,,,,,165,75,,,303,158,,,307,,,,187,,,,278,120,,,179,52,,,299,334,,
1vac_1,181,63,,,289,89,,,179,,,,269,179,17,,179,,,,79,285,,,288,,,,227,82,,,180,85,,,196,170,300,270,291,309,292,,296,,,,298,306,337,,175,150,47,68,,,,,296,193,178,290,,,,,289,331,,,299,292,92,,201,,,,279,273,,,296,190,182,185,178,,,,291,0,,,282,163,,,291,,,,286,173,,,290,0,,,292,171,,,182,,,,184,,,,177,85,342,,283,65,,,183,60,,,202,171,,,304,99,,,,,,,,,,,298,177,,,297,,,,190,180,170,299,182,184,292,171,282,1,,,180,69,9,,195,177,74,91,272,164,,,196,158,52,243,,,,,172,77,,,298,172,,,316,,,,196,,,,280,111,,,172,55,,,298,326,,
2vaa_1,169,54,,,285,273,,,173,,,,296,190,14,,182,,,,84,290,,,286,,,,231,278,,,177,270,,,274,189,171,249,293,300,285,,294,,,,293,326,303,,296,199,300,190,,,,,289,200,172,306,,,,,283,340,,,297,316,109,,205,,,,284,82,,,287,192,189,181,175,,,,285,355,,,288,164,,,304,,,,295,182,,,292,0,,,294,178,,,191,,,,218,,,,185,166,258,,283,78,,,184,76,,,198,168,,,310,93,,,,,,,,,,,304,177,,,303,,,,186,178,186,296,283,185,183,187,287,1,,,176,61,23,,186,181,68,105,178,61,,,193,170,57,253,,,,,166,79,,,300,172,,,305,,,,196,,,,280,87,,,168,50,,,298,324,,
4mji_1,163,149,61,,279,264,,,285,10,,,,,,,192,,,,71,89,,,73,,,,290,,,,192,102,,,233,281,125,59,289,268,,,308,,,,189,188,38,,286,139,,,292,314,,,300,215,159,102,312,,,,287,329,,,177,73,41,,314,,,,280,299,,,299,200,326,111,180,52,22,,298,153,,,271,156,,,306,166,,,,,,,296,352,,,271,104,,,318,,,,60,92,,,170,51,,,288,250,,,187,82,,,199,124,,,317,84,,,,,,,,,,,300,135,,,304,,,,208,219,294,,177,147,317,170,278,9,,,232,277,339,,148,93,4,,214,5,,,181,164,171,185,,,,,169,79,,,288,169,,,192,69,,,156,,,,273,107,,,179,60,,,291,147,,
