complex_id,p1_psi,p2_phi,p2_psi,p3_phi,p3_psi,p4_phi,p4_psi,p5_phi,p5_psi,p6_phi,p6_psi,p7_phi,p7_psi,p8_phi,p8_psi,p9_phi
7mkb_1,108,154,297,129,304,345,282,145,238,153,241,125,226,139,289,296
6vma_1,144,158,278,175,289,166,288,128,310,165,283,148,278,148,276,288
7n6d_1,103,159,295,133,298,335,283,161,258,153,228,134,222,142,262,290
7n1a_1,104,155,291,132,301,350,275,159,251,130,243,127,227,139,260,295
7n1f_1,104,153,300,122,291,341,286,147,260,152,233,126,234,137,283,290
7n1b_1,133,154,290,143,278,325,281,129,304,131,263,144,235,130,236,293
7n1e_1,133,140,287,143,300,309,279,131,304,110,266,157,251,148,225,277
7p3e_1,106,154,294,142,306,326,281,163,260,124,244,137,236,134,250,299
7p3d_1,111,150,294,139,294,2,263,171,256,123,246,117,230,137,253,292
6z9w_1,120,143,313,183,295,13,205,100,263,109,254,143,201,151,222,282
7m8u_1,137,166,281,125,288,347,271,127,280,128,269,115,209,152,292,285
7m8t_1,115,160,288,144,291,343,258,133,269,146,215,142,216,146,303,278
6xqa_1,118,158,291,158,261,111,273,95,253,339,239,146,279,155,264,292
7jyw_1,93,147,299,159,269,86,282,93,271,350,226,133,276,146,265,297
7jyv_1,122,150,295,138,298,1,272,121,265,108,235,152,226,155,261,289
7lg3_1,123,152,297,126,289,349,283,140,279,129,275,131,226,144,233,291
7lg2_1,155,149,281,145,303,85,282,136,305,130,210,116,99,162,279,285
7lfz_1,138,157,285,153,276,119,269,121,212,14,254,129,279,154,269,288
7lg0_1,151,148,295,153,283,5,245,136,275,141,233,119,224,131,290,291
6vm9_1,146,170,273,174,281,156,302,130,305,165,285,138,277,138,284,286
6vmc_1,151,162,268,174,279,163,299,122,299,161,285,149,286,152,275,292
7kgs_1,143,158,292,172,273,72,238,163,277,37,244,60,276,112,274,297
7kgp_1,137,165,285,152,278,352,261,127,297,117,244,118,224,143,259,293
7kgo_1,132,157,288,140,289,322,285,138,221,121,243,150,290,157,289,277
7kgr_1,130,162,286,130,302,328,290,146,235,166,250,139,217,154,275,290
7kgq_1,132,161,289,160,291,239,264,131,300,149,254,130,269,155,289,293
6y2b_1,146,160,276,131,292,80,243,101,207,131,298,118,220,138,243,288
6y26_1,143,157,275,133,299,359,253,113,278,136,290,132,224,138,233,289
6y29_1,147,159,275,126,294,84,252,98,204,130,299,113,220,137,247,289
6y27_1,144,157,280,129,294,71,246,111,223,129,297,116,217,140,248,288
6y28_1,138,160,277,133,295,136,239,140,206,133,194,119,219,142,244,281
6y2a_1,146,158,276,131,294,72,239,97,208,134,292,134,230,140,233,286
6vb0_1,124,157,285,132,276,166,264,37,63,138,297,141,280,160,289,286
6vb1_1,124,155,286,129,278,163,267,41,64,139,294,141,280,154,294,287
6vb6_1,148,153,289,147,288,144,301,128,299,192,260,145,279,157,297,285
6vb7_1,147,159,291,145,280,138,313,127,301,192,258,143,281,157,300,285
6vb4_1,145,151,291,154,292,145,304,129,311,175,264,153,285,148,295,292
6vb5_1,147,155,290,142,288,144,308,125,297,192,258,147,284,157,292,286
6vb2_1,125,153,285,128,281,160,269,40,67,142,293,141,281,164,287,282
6vb3_1,149,156,279,146,288,142,310,134,298,197,242,140,288,162,298,286
6viu_1,145,151,291,154,292,145,304,129,311,175,264,153,285,148,295,292
6uzq_1,129,159,289,153,285,140,300,139,312,188,238,146,293,162,296,287
6uzo_1,137,148,297,151,291,147,296,119,309,181,277,151,281,150,297,288
6uzp_1,106,151,300,143,294,151,304,131,295,193,242,225,185,159,293,288
6uzm_1,135,150,298,148,290,153,300,125,298,184,259,145,285,151,302,288
6uzn_1,146,149,292,146,293,144,301,128,299,193,251,149,281,160,289,283
6uzs_1,109,146,301,145,295,151,301,122,293,200,251,146,283,160,298,285
6l9m_1,135,163,292,177,218,149,272,322,290,298,68,145,283,156,264,288
6l9n_1,128,181,291,154,214,136,291,322,288,290,59,142,303,143,256,303
6kwn_1,141,150,285,152,287,107,262,100,255,354,234,138,266,148,295,287
6kwl_1,144,154,287,159,281,103,283,87,238,17,216,129,274,149,293,287
6kwk_1,138,161,296,144,268,136,289,120,278,347,246,152,220,171,271,280
6ujq_1,134,179,277,147,268,332,273,141,282,92,272,136,256,140,230,287
6ujo_1,163,172,282,123,266,96,282,143,218,85,244,121,252,140,252,291
6vmx_1,151,153,291,155,289,337,287,154,287,136,252,126,270,133,231,256
6ss8_1,129,156,294,135,288,6,265,20,241,137,292,136,237,151,315,283
6ss9_1,128,166,305,132,257,358,270,61,223,128,288,153,257,155,299,274
6ss7_1,126,153,304,140,292,5,271,19,240,134,290,138,245,152,301,280
6ssa_1,131,148,292,133,298,1,264,20,245,139,303,135,237,138,318,288
6m2j_1,132,152,265,167,238,120,266,2,252,67,41,59,276,120,285,279
6m24_1,151,154,278,153,252,164,301,128,123,149,232,106,227,128,271,289
6v2q_1,132,160,279,140,277,154,302,151,298,183,251,152,303,172,293,299
7jwi_1,133,162,290,144,245,126,261,144,287,262,275,145,283,171,286,300
1hhi_1,130,170,293,140,303,348,271,161,234,160,229,146,207,153,259,306
1hhk_1,131,153,287,144,293,7,248,139,248,145,292,132,221,136,232,286
1hhj_1,158,153,291,147,280,144,212,169,278,135,245,147,250,148,281,295
1hhg_1,145,155,278,156,285,110,247,134,203,30,234,125,274,165,260,288
6vr5_1,112,161,278,165,280,341,267,121,291,46,210,143,282,136,297,257
6vr1_1,107,166,284,158,273,348,279,117,276,38,228,141,296,132,287,307
6p2f_1,151,322,292,155,267,135,272,130,291,162,269,147,234,131,293,289
6gl1_1,116,169,280,120,252,122,288,143,301,324,261,171,230,145,254,295
6z9v_1,155,169,277,165,276,321,253,112,269,93,224,132,289,150,298,293
6joz_1,136,160,291,147,287,336,273,144,271,124,236,113,256,143,286,262
6o4y_1,134,158,293,152,292,318,287,158,227,112,228,134,282,152,295,291
6o4z_1,130,156,293,150,293,324,280,144,229,103,235,136,286,149,292,292
6pyj_1,124,158,291,126,279,342,283,140,297,124,247,137,226,151,249,286
6pyv_1,121,158,289,126,280,344,281,143,294,130,241,142,226,149,246,287
6pz5_1,122,155,290,128,280,340,280,138,301,129,244,145,220,148,242,293
6pyw_1,127,158,285,127,282,345,280,147,296,123,239,141,229,151,248,288
6o9b_1,148,156,284,154,281,141,303,136,298,159,289,170,291,148,302,288
6o9c_1,151,158,296,154,271,135,293,141,329,150,264,166,297,154,303,277
6p2c_1,151,320,291,153,281,131,268,127,295,163,260,140,237,130,294,289
6p2s_1,149,334,285,151,290,137,255,128,293,162,263,143,243,127,295,292
6p27_1,158,323,283,156,283,133,266,127,294,160,262,140,239,130,296,289
6p23_1,174,319,291,157,281,134,267,126,294,160,262,141,241,132,294,287
6j2a_1,153,163,277,147,301,319,296,158,202,195,259,153,221,142,287,280
6j1w_1,136,153,292,129,291,355,278,156,234,149,198,135,233,152,296,280
6j29_1,126,161,287,158,293,306,292,150,224,151,279,146,275,133,288,267
6j1v_1,141,158,289,140,292,329,288,127,239,143,253,147,252,150,294,261
6j2i_1,149,164,305,114,289,340,296,192,283,148,151,130,204,145,296,292
6j2f_1,149,141,308,140,300,356,270,134,227,144,224,135,235,138,297,287
6pte_1,161,160,289,146,287,341,270,129,243,91,224,138,280,148,296,283
6ptb_1,155,159,295,146,290,345,270,128,243,98,227,138,282,148,283,285
6opd_1,155,158,291,145,289,347,269,128,241,92,222,143,277,154,280,302
6ilf_1,142,141,304,141,300,7,266,113,222,128,243,128,256,138,296,282
6q3k_1,106,154,299,143,300,334,286,147,218,102,227,140,291,146,284,291
6a6h_1,128,161,291,137,267,85,256,130,213,310,171,154,281,296,312,287
6g9r_1,113,145,308,165,281,141,232,157,273,228,281,153,294,173,300,287
6mtl_1,126,160,284,135,281,347,271,133,283,137,213,132,210,166,286,301
6mt3_1,152,160,289,164,283,116,224,105,253,345,278,121,268,165,294,296
6mt4_1,128,148,251,179,256,152,296,136,300,318,286,150,204,162,280,299
6mt5_1,131,145,246,176,262,149,301,138,303,323,281,141,194,161,291,300
6mt6_1,135,146,245,172,260,149,302,141,305,315,287,145,200,160,292,299
5ylx_1,131,156,280,162,300,330,287,156,203,129,227,142,280,145,287,284
6d2t_1,122,152,285,142,289,125,280,123,265,290,251,143,277,172,275,296
5vwd_1,126,155,291,140,289,343,275,139,223,145,265,142,260,132,281,288
5vwj_1,120,162,292,141,271,355,267,121,294,133,283,81,237,123,279,289
5vwh_1,124,165,284,135,278,357,272,128,284,125,282,75,240,129,277,284
5vwf_1,128,159,286,142,284,330,273,113,296,120,246,144,259,140,279,290
5vvp_1,126,162,289,129,286,355,275,108,253,111,224,157,251,141,290,286
5vuf_1,127,156,286,148,283,81,232,129,225,114,295,76,226,130,279,288
5vud_1,127,163,285,132,286,359,273,121,280,129,286,86,234,121,275,288
5vue_1,129,156,283,143,284,95,244,136,212,127,284,68,233,128,282,290
6ghn_1,169,150,293,153,298,320,295,174,211,154,242,143,290,131,284,270
6ggm_1,120,138,307,149,293,330,294,171,211,149,237,143,302,126,279,262
6gh4_1,162,163,272,145,300,317,288,122,240,145,272,148,295,142,267,248
6gh1_1,170,154,290,146,294,317,293,129,236,143,274,154,296,138,262,252
5wmq_1,125,152,295,140,264,124,273,130,247,330,241,120,266,157,284,302
5wmo_1,147,161,285,156,290,345,266,157,285,132,289,102,240,151,229,253
5wmn_1,152,159,285,147,287,143,295,145,300,170,286,157,291,155,297,281
5npz_1,121,145,292,158,298,14,241,96,205,129,272,145,269,127,285,283
5nq2_1,112,159,283,131,291,329,278,96,217,140,288,140,253,150,286,285
5nq3_1,121,144,290,143,305,12,252,126,218,136,242,143,263,128,287,288
5nq1_1,111,131,299,126,282,113,284,116,310,326,282,152,252,148,243,292
5wsh_1,138,160,284,138,300,344,280,154,246,75,210,141,300,152,280,280
5txs_1,146,157,290,157,285,156,280,134,292,324,226,68,214,121,313,78
5wli_1,113,152,294,144,278,119,250,152,293,238,269,146,302,167,294,293
5nmk_1,127,158,288,141,291,325,287,91,218,127,280,148,282,153,287,310
5nmh_1,132,151,298,136,296,347,269,53,224,132,294,142,266,162,279,301
5vcl_1,153,162,288,142,306,338,291,162,201,167,251,140,291,110,259,278
5n6b_1,133,154,292,139,295,0,266,32,235,145,297,134,239,143,304,288
5gsb_1,121,141,296,140,224,158,273,149,276,340,271,190,195,161,276,295
5xos_1,138,165,282,133,292,163,266,40,53,133,291,148,268,153,287,285
5gr7_1,128,138,290,140,231,162,271,146,269,340,275,179,193,166,286,287
5jwd_1,117,132,283,143,292,123,259,154,290,226,266,140,311,157,294,301
5gsr_1,114,146,296,136,221,155,283,117,271,326,293,137,229,170,292,297
5ib4_1,155,158,284,140,277,319,285,141,267,166,213,141,218,148,288,294
5ib5_1,167,155,269,135,287,321,296,134,247,172,237,138,223,135,298,295
5ib2_1,156,166,283,134,251,121,292,119,271,35,237,156,206,153,243,293
5ib3_1,159,203,285,147,51,329,274,155,259,164,195,74,217,152,234,287
5ib1_1,159,162,278,131,260,127,295,118,268,32,237,156,214,156,245,290
5e00_1,138,164,284,148,299,312,304,165,193,142,246,145,280,145,294,281
5f9j_1,103,153,296,135,303,342,291,141,225,94,232,129,288,158,291,298
5meq_1,152,153,298,149,305,326,284,154,221,118,220,144,271,149,291,283
5mer_1,149,158,289,147,305,337,286,160,192,146,230,136,273,148,302,293
5meo_1,151,152,297,149,291,80,270,125,243,0,236,137,290,149,248,292
5mep_1,135,155,296,152,281,78,271,116,242,81,245,135,235,136,236,290
5iek_1,154,156,274,136,291,5,255,41,229,127,302,159,264,135,292,286
5f1i_1,124,136,296,148,298,171,211,38,80,124,279,128,297,160,300,276
5enw_1,148,153,290,144,295,86,286,136,92,151,236,137,286,144,275,294
5swq_1,110,159,287,165,268,326,136,129,199,131,237,136,221,156,260,286
5ind_1,129,152,287,161,288,133,263,134,291,322,267,163,203,164,270,296
5ind_2,129,153,288,160,289,129,257,132,288,337,257,160,210,165,270,296
5inc_1,133,169,285,136,260,145,290,262,288,23,243,144,299,139,251,306
5im7_1,126,160,294,146,271,135,273,117,281,353,257,155,206,164,270,295
4zuu_1,112,167,294,142,259,34,243,160,279,149,285,151,247,146,225,223
5hhq_1,134,166,277,132,300,356,274,69,218,148,282,143,244,151,286,295
5hhp_1,136,169,273,135,308,316,290,140,238,170,243,141,224,151,272,271
5hhn_1,130,163,284,130,302,347,272,107,240,137,255,139,241,148,280,297
5eu3_1,110,157,297,154,289,334,298,103,161,149,298,141,262,148,295,285
5eu4_1,109,154,293,164,291,161,294,128,307,164,288,144,273,145,286,303
5eu5_1,114,153,291,142,290,345,277,68,211,120,297,139,275,147,294,288
5eo1_1,150,165,291,139,268,181,251,32,58,127,276,155,291,151,284,288
5eo0_1,149,159,285,145,280,179,242,38,52,140,282,155,279,151,297,286
5def_1,159,159,286,151,285,329,272,149,247,168,203,135,222,163,291,288
5deg_1,158,156,287,139,284,315,281,155,260,183,195,154,219,162,280,291
4wdi_1,127,117,277,120,263,153,285,136,286,252,283,145,290,168,281,305
4z77_1,168,127,310,118,285,130,274,155,294,238,275,144,301,174,278,294
4z76_1,106,127,297,118,250,146,294,151,285,245,267,143,308,175,289,290
4u1s_1,112,160,284,168,275,179,280,333,293,248,79,152,205,169,289,269
4u1n_1,144,160,288,141,270,131,297,148,293,300,250,142,213,170,289,294
4u1m_1,147,159,284,151,278,149,286,148,293,290,245,141,220,165,296,289
4u1l_1,132,152,295,151,287,154,289,149,299,174,269,146,301,156,291,295
4u1k_1,126,160,292,149,278,135,283,144,295,191,259,147,296,162,296,303
4u1j_1,136,164,285,134,282,160,265,28,66,156,294,149,250,152,292,283
4u1i_1,137,164,285,138,288,65,262,158,220,91,218,135,266,143,247,259
4u1h_1,135,164,288,145,273,169,247,21,66,144,288,161,260,153,296,287
4qru_1,125,149,295,137,265,120,281,115,286,329,284,145,206,164,295,275
4pg9_1,104,157,289,133,301,356,264,120,212,103,249,154,302,144,291,287
4pgb_1,93,156,294,128,290,168,258,65,49,130,287,142,288,145,288,287
4pge_1,105,153,287,132,304,359,255,119,213,110,249,144,297,142,298,281
4pgd_1,100,153,285,133,301,353,260,105,219,107,260,144,295,148,292,289
4no5_1,112,154,289,150,295,317,269,134,304,69,252,129,288,140,244,293
3x13_1,128,151,296,131,258,129,284,95,260,321,285,136,251,183,275,286
3x11_1,124,160,290,123,289,11,275,119,268,120,289,73,245,117,283,294
3x14_1,133,147,296,136,262,136,276,110,291,327,303,157,193,177,279,284
4qrs_1,126,151,294,136,263,131,286,111,252,328,245,118,258,144,303,285
4nt6_1,126,159,282,129,303,343,265,122,280,165,245,155,185,154,247,289
4o2e_1,148,151,283,136,289,4,270,139,273,119,222,115,214,146,302,284
4qrt_1,126,149,296,146,268,117,273,113,264,322,241,118,258,147,302,116
4nsk_1,141,163,281,161,277,136,236,161,276,246,248,128,306,175,291,276
4nqx_1,137,167,273,146,295,327,286,160,217,138,239,149,274,148,284,280
4nqv_1,155,160,272,152,295,307,284,156,239,139,244,149,274,141,274,279
4l3c_1,114,164,292,138,297,331,299,152,197,148,245,136,259,141,304,288
4l29_1,111,164,292,136,302,334,300,163,194,136,235,130,270,132,304,314
4l8d_1,135,169,283,152,245,131,258,153,289,27,280,89,293,164,135,290
4l8c_1,112,161,299,181,251,131,239,142,288,264,279,145,287,172,288,282
4l8b_1,141,164,285,162,257,125,242,150,283,278,244,135,292,171,284,296
4hwz_1,141,154,282,132,302,328,272,179,273,62,189,146,310,155,274,278
4hx1_1,138,163,287,160,287,17,222,162,250,112,250,133,221,155,246,291
4i48_1,216,190,249,159,251,358,257,116,296,107,225,124,214,163,296,253
4hux_1,130,167,284,158,247,124,252,154,295,253,263,136,297,169,290,286
4huv_1,138,177,280,147,239,123,270,162,295,244,266,143,293,161,288,291
4huu_1,145,161,282,151,254,128,251,153,282,277,243,129,302,170,282,287
4i4w_1,149,153,298,158,279,80,268,124,242,3,237,140,290,148,246,290
3v5k_1,130,152,289,145,301,326,278,141,262,149,227,148,225,143,271,290
3v5h_1,138,160,286,148,296,324,276,134,246,127,233,151,257,143,273,294
3v5d_1,132,163,288,159,287,302,263,284,8,100,58,149,228,147,252,292
3to2_1,127,177,279,149,268,12,248,107,276,85,232,133,266,153,285,284
3tbw_1,131,174,273,146,296,108,249,160,294,240,256,134,302,172,298,287
3tbv_1,142,158,255,154,304,125,242,156,278,234,260,143,305,170,283,313
3tby_1,133,146,283,155,288,148,237,155,255,237,259,135,318,150,285,309
3rwg_1,152,164,308,131,262,329,305,141,296,129,190,162,254,168,266,275
3rwf_1,153,169,293,146,276,336,287,129,253,77,205,142,295,156,297,283
3rwe_1,171,156,266,138,272,135,245,162,152,123,276,75,228,135,267,286
3rwc_1,141,160,282,123,279,303,305,146,274,130,240,130,276,136,275,290
3vj6_1,147,161,287,153,298,331,284,155,212,172,252,145,287,105,263,285
3rl1_1,144,161,283,129,302,356,266,58,227,139,305,131,231,153,299,275
3rew_1,137,149,293,135,297,359,267,122,275,127,275,154,220,134,216,291
3qq4_1,136,154,288,157,280,158,291,132,310,161,297,157,303,142,299,291
3qq3_1,110,157,301,147,285,164,297,132,303,186,278,160,274,143,299,284
3qfd_1,147,174,280,164,272,175,235,22,83,111,267,155,255,146,295,289
3am8_1,163,167,259,142,293,321,295,137,223,194,258,130,259,114,280,271
3pwv_1,138,159,279,170,288,343,293,52,52,10,249,113,281,117,262,288
3pwu_1,130,158,295,158,286,146,290,135,308,157,291,146,310,153,300,283
3mr9_1,111,151,292,136,303,328,300,146,211,108,231,142,292,152,279,284
3mrg_1,122,158,283,142,293,354,278,146,228,114,232,125,276,145,282,281
3mre_1,146,155,292,151,288,345,266,136,298,108,250,120,223,147,258,295
3mrd_1,121,152,288,141,273,121,302,237,276,337,117,115,283,160,268,286
3mrc_1,113,153,292,146,270,128,300,81,238,337,264,120,287,155,262,286
3mrb_1,115,153,290,145,296,354,278,146,194,170,248,140,235,149,290,284
3mrl_1,114,151,290,133,293,323,291,150,224,139,222,142,252,157,281,286
3mrk_1,148,153,291,153,298,327,271,79,224,110,286,134,284,151,298,286
3mrj_1,114,155,281,131,293,3,266,142,235,147,224,146,222,155,262,284
3mri_1,108,159,288,159,289,98,269,102,252,5,236,127,267,162,268,281
3mrh_1,135,143,267,142,316,352,272,121,222,166,257,144,218,143,291,281
2xpg_1,117,150,289,147,297,354,257,143,244,143,219,128,216,172,294,236
3pwn_1,125,150,294,143,297,3,249,156,253,147,247,127,213,138,267,300
3pwl_1,124,165,277,156,280,356,245,157,272,158,236,160,209,141,240,298
3pwj_1,129,150,292,143,299,343,256,158,265,147,245,155,218,142,242,293
3lv3_1,135,158,283,129,286,310,289,143,288,147,228,134,223,147,293,286
3jtt_1,197,159,294,140,256,153,311,334,305,202,65,152,263,155,287,290
3jts_1,141,153,278,134,265,104,285,44,269,107,305,169,172,157,234,277
3myj_1,114,155,289,143,294,318,296,158,253,115,251,136,288,127,306,296
3i6l_1,115,150,294,153,295,63,258,107,217,109,274,120,233,142,265,297
3lks_1,129,165,283,131,295,350,269,134,258,139,250,125,218,140,303,272
3lkr_1,132,156,281,135,300,349,270,126,249,125,265,127,229,141,295,269
3lkq_1,128,161,287,137,295,348,261,135,261,141,255,123,216,131,307,277
3lkp_1,134,163,282,136,299,340,266,133,261,128,243,128,237,134,306,273
3lko_1,135,163,278,140,294,348,257,131,261,143,270,121,208,138,303,274
3lkn_1,132,166,281,137,295,329,274,136,269,132,255,123,229,134,305,271
3hpj_1,130,155,287,141,301,327,298,149,234,114,257,132,294,131,300,296
3i6g_1,143,152,286,144,305,350,271,127,219,162,260,128,229,139,290,288
3l3i_1,134,157,286,127,281,352,275,121,257,105,234,143,296,147,278,297
3l3g_1,132,158,291,123,276,340,288,123,264,139,231,145,247,145,291,294
3l3d_1,138,158,282,157,297,322,302,151,198,177,277,147,237,136,280,290
3l3k_1,136,157,285,117,281,299,297,127,283,158,246,137,241,147,293,291
3l3j_1,134,155,276,161,296,188,299,130,307,159,289,149,258,142,293,296
2x4u_1,132,162,294,172,280,121,192,176,255,123,244,133,265,153,289,285
2x4s_1,120,172,308,138,264,345,275,119,282,128,299,105,220,140,252,279
2x4r_1,117,147,284,132,308,316,300,150,240,120,227,137,268,152,286,290
2x4o_1,136,161,295,142,289,5,265,176,248,106,229,159,275,141,210,293
3kyn_1,121,170,288,164,293,327,282,160,221,169,268,130,270,119,276,267
3kla_1,136,155,289,143,308,327,295,156,203,133,247,137,284,151,293,303
3ixa_1,127,159,293,136,291,348,272,60,227,143,291,145,238,143,302,290
3h9h_1,129,155,289,143,285,4,257,55,225,151,288,147,237,143,295,296
3h7b_1,127,155,292,143,284,12,249,62,221,162,279,151,215,145,274,292
3ftg_1,118,161,289,156,266,134,250,154,268,274,243,137,283,165,276,286
3kpo_1,130,167,282,132,268,305,325,151,256,160,224,149,234,159,274,290
3kpn_1,139,171,273,160,227,108,275,92,267,347,281,131,273,172,265,298
3kpm_1,136,168,279,129,263,348,277,134,258,132,215,153,255,162,270,301
3kpl_1,138,170,275,154,230,103,281,100,271,346,269,128,278,175,266,297
3kpq_1,132,157,286,117,275,316,314,138,279,110,214,150,254,168,264,295
3kpp_1,141,173,268,159,224,111,271,100,259,352,265,126,284,173,270,295
3gsv_1,111,153,289,136,300,339,290,144,217,111,230,142,289,152,277,287
3gsu_1,111,151,294,136,303,322,298,151,223,116,230,142,286,151,279,284
3gsr_1,114,152,290,136,300,323,299,135,223,111,238,146,291,152,274,285
3gsq_1,111,154,290,138,302,328,297,145,213,110,231,144,289,151,284,284
3gso_1,116,152,290,140,300,322,300,150,221,110,228,142,282,150,279,286
3gsx_1,111,152,292,138,300,329,295,140,217,103,232,141,294,142,286,287
3gsw_1,107,152,297,138,302,321,307,137,210,143,260,137,274,140,277,294
3d18_1,159,159,285,133,286,310,288,138,292,157,283,132,210,150,237,263
3ft4_1,138,156,292,147,293,335,286,139,199,125,243,144,285,152,293,280
3ft3_1,138,152,291,147,296,324,285,108,206,136,271,143,277,148,296,286
3czf_1,157,168,283,160,242,163,286,100,212,351,273,113,256,152,286,297
3cc5_1,130,147,285,157,284,127,251,155,285,239,263,149,297,161,293,298
3fqt_1,142,161,284,158,295,190,288,120,310,144,286,140,288,154,288,275
3fqw_1,129,160,287,163,279,150,286,150,299,171,271,155,309,161,291,285
3d25_1,152,155,290,152,297,344,277,131,198,124,248,142,283,145,294,288
3bxn_1,151,155,291,155,287,150,300,149,302,173,285,173,289,146,295,293
3bvn_1,171,170,283,126,257,118,273,107,238,332,282,136,292,171,264,263
3bp7_1,150,162,277,152,266,139,301,155,290,177,284,171,292,152,304,297
3bp4_1,145,157,280,156,271,143,290,142,300,175,288,171,293,157,295,292
3bo8_1,129,168,287,118,275,343,293,128,270,152,240,128,220,145,300,278
3cpl_1,149,170,289,149,250,124,257,160,306,238,257,133,308,171,288,278
2rfx_1,123,167,291,136,278,7,276,111,273,122,295,77,247,132,269,288
3bzf_1,168,163,271,126,308,346,287,119,221,117,257,143,315,119,263,276
3c9n_1,152,154,283,143,300,143,307,121,315,169,278,145,293,152,307,277
2vll_1,142,167,280,141,306,5,259,153,227,163,227,142,197,149,264,295
2v2x_1,137,151,288,145,301,84,277,142,287,320,229,146,277,159,247,301
2v2w_1,133,152,291,139,294,339,264,64,235,119,280,141,278,156,283,286
2guo_1,133,173,280,165,275,171,239,26,72,129,277,159,251,151,287,290
2gtw_1,156,133,288,355,262,153,222,3,92,94,255,164,246,144,292,287
2gtz_1,152,158,294,170,272,165,230,7,101,106,278,160,254,145,293,291
2cik_1,134,158,290,156,290,159,299,126,302,163,261,145,308,173,292,278
2git_1,131,147,291,143,300,1,250,137,245,139,293,125,226,132,243,292
2h6p_1,132,160,289,155,289,156,301,118,303,162,263,142,310,170,294,279
2d31_1,125,150,284,129,286,290,304,156,281,149,238,143,264,116,264,279
2c7u_1,115,156,289,151,297,273,268,97,276,134,265,145,282,155,273,264
2fwo_1,127,143,297,128,234,148,299,163,276,258,249,159,301,150,258,306
2a83_1,156,171,284,142,240,136,300,107,256,345,272,165,267,143,227,294
2av1_1,135,157,291,137,291,13,259,143,232,139,285,128,231,131,236,293
2av7_1,135,157,280,133,291,8,262,138,232,136,293,122,229,134,243,288
1zt7_1,144,180,284,164,225,106,268,130,327,5,238,147,236,140,229,295
2bvp_1,141,149,281,143,287,7,261,97,283,105,249,126,236,142,292,290
2bvq_1,125,157,290,173,268,159,278,154,280,139,244,121,273,356,286,
1t1w_1,128,159,296,154,285,312,278,133,253,96,230,150,298,153,271,291
1t1x_1,123,155,293,150,290,281,286,143,280,111,233,141,281,153,271,292
1t1y_1,129,155,293,153,291,318,275,140,247,111,235,145,276,150,273,290
1t1z_1,132,156,295,152,289,292,280,130,263,119,243,136,280,149,285,294
1t20_1,127,155,292,147,289,312,281,151,255,113,208,152,279,160,270,292
1t21_1,128,156,292,155,292,303,276,133,257,111,243,143,279,149,271,295
1t22_1,123,162,295,136,288,318,298,172,240,104,203,143,284,158,277,288
1s8d_1,135,158,287,154,293,340,270,141,232,98,224,140,283,155,286,288
1x7q_1,140,158,287,135,272,161,297,135,305,184,273,142,300,151,303,284
1vgk_1,303,149,288,142,219,149,283,134,277,291,277,151,285,153,290,299
2bst_1,130,160,287,136,276,273,273,114,6,118,267,121,212,157,281,279
1tvb_1,153,165,288,173,281,169,285,123,318,146,293,140,281,150,293,287
1tvh_1,142,164,288,172,285,180,283,123,309,149,290,136,282,142,304,296
1xr8_1,120,158,286,137,282,300,294,174,234,120,175,163,298,154,287,300
1xr9_1,149,155,305,184,283,134,271,145,304,207,199,134,301,158,308,283
1w0v_1,123,155,280,122,291,14,267,136,254,137,239,113,215,141,282,298
1w0w_1,129,153,274,119,296,10,273,135,252,106,237,118,252,134,280,302
1wbz_1,129,154,282,144,285,104,242,121,293,355,266,141,242,159,286,295
1uxw_1,156,159,287,132,284,312,285,143,292,158,281,131,211,149,236,282
1uxs_1,157,167,279,154,250,134,283,123,273,326,252,133,253,161,283,287
1sys_1,137,154,263,170,269,260,284,108,57,127,262,83,242,130,281,294
1syv_1,138,163,283,122,269,357,282,122,259,134,249,124,246,141,299,294
1s9w_1,139,163,292,154,295,341,287,155,184,128,238,146,292,144,292,281
1s9x_1,129,165,299,148,289,338,296,147,181,128,247,142,289,144,294,277
1s9y_1,130,161,300,148,294,333,296,154,186,132,240,141,287,141,294,274
1q94_1,235,161,277,139,285,16,242,36,229,129,288,155,265,155,294,264
1s7v_1,145,150,269,164,291,150,220,156,267,272,244,134,295,173,285,301
1s7w_1,112,144,287,144,284,136,253,161,279,235,267,145,295,165,292,292
1s7x_1,126,145,280,148,289,136,243,156,276,237,269,146,294,166,293,290
1s7r_1,67,301,197,167,271,146,267,91,278,137,289,163,277,144,261,272
1n2r_1,136,164,284,127,280,9,274,139,244,142,245,122,224,157,286,293
1ogt_1,158,161,285,148,280,327,274,144,262,168,205,144,219,148,287,294
1of2_1,153,155,288,142,287,318,281,152,269,164,197,136,215,140,296,302
1qew_1,107,152,297,128,282,288,287,143,323,136,259,106,227,142,282,282
1cg9_1,128,162,273,187,280,117,240,79,279,316,286,121,262,171,285,287
1m6o_1,141,166,279,122,268,349,288,126,257,137,229,132,245,152,293,297
1eey_1,155,161,295,150,284,289,296,148,264,93,222,143,279,161,289,278
1eez_1,156,160,298,138,282,345,282,111,239,75,242,159,301,154,260,304
1n5a_1,137,147,270,153,288,125,229,155,297,247,262,140,291,177,288,289
1kjv_1,140,162,284,137,288,341,274,142,242,158,241,135,276,122,250,269
1kjm_1,115,167,304,136,269,339,244,58,270,177,291,155,206,166,264,264
1k5n_1,142,158,276,133,293,352,255,146,271,122,271,111,236,140,276,280
1jge_1,139,161,271,130,285,355,255,122,278,125,282,103,232,138,290,281
1inq_1,124,168,281,152,255,155,244,150,271,271,244,144,297,163,274,295
1juf_1,119,152,285,153,268,155,240,149,267,277,240,140,293,165,276,294
1k8d_1,135,145,300,144,290,346,268,118,287,130,279,90,246,125,272,296
1i7r_1,115,148,278,149,297,28,247,129,229,84,239,161,281,144,245,292
1i7t_1,132,155,302,145,289,348,274,150,263,72,232,157,303,151,232,281
1i7u_1,151,157,293,129,281,340,287,132,259,107,242,161,289,133,238,293
1jht_1,146,158,294,180,264,182,224,18,75,108,274,162,264,154,285,287
1duz_1,142,155,278,142,291,18,247,139,244,148,288,127,222,136,240,284
1i1y_1,106,151,289,165,278,144,194,188,281,113,225,141,269,154,291,284
1i1f_1,108,153,293,148,272,141,207,172,280,121,237,142,262,166,285,282
1qr1_1,166,149,283,151,288,349,266,154,274,86,183,128,280,144,292,284
1qlf_1,106,161,278,166,268,130,230,145,279,270,264,133,274,157,301,306
1ce6_1,86,155,305,170,264,108,221,131,282,318,253,123,282,162,287,301
1b0g_1,148,158,290,141,290,350,269,144,256,92,233,154,285,141,238,290
1a9b_1,128,147,277,156,282,115,278,112,271,348,243,125,254,172,279,280
1a9e_1,123,161,275,155,274,118,280,98,269,337,256,121,259,169,288,282
1ld9_1,114,188,282,140,217,137,304,313,282,30,43,123,190,162,305,289
1a1m_1,146,166,284,166,276,49,229,166,255,116,276,31,259,121,282,291
1a1o_1,129,169,290,140,277,83,265,128,202,107,223,142,233,156,274,293
1vad_1,125,161,285,153,278,165,206,38,63,147,284,140,293,170,287,275
2vab_1,99,151,297,154,279,201,232,37,39,117,302,144,298,140,285,290
1hoc_1,126,156,299,164,261,128,226,138,277,257,270,139,290,178,289,281
1hsa_1,131,156,287,137,286,340,272,126,310,106,247,154,246,144,229,281
5sws_1,143,164,290,141,246,121,260,152,292,239,278,144,289,167,291,292